{
  "resourceType" : "Bundle",
  "id" : "c01f6922-300e-4460-8f9d-cc108f47a7a2",
  "meta" : {
    "lastUpdated" : "2022-08-04T13:09:21.983+00:00"
  },
  "type" : "collection",
  "entry" : [{
    "fullUrl" : "https://fhir-vaccination-pass.github.io/fhir-implementation-guide/ValueSet/vp-vaccination-scheme-type-value-set",
    "resource" : {
      "resourceType" : "ValueSet",
      "id" : "vp-vaccination-scheme-type-value-set",
      "text" : {
        "status" : "generated",
        "div" : "<div xmlns=\"http://www.w3.org/1999/xhtml\"><p>This value set contains 3 concepts</p><p style=\"border: black 1px dotted; background-color: #EEEEEE; padding: 8px; margin-bottom: 8px\">Expansion based on <a href=\"CodeSystem-vp-vaccination-scheme-type.html\">VaccinationSchemeType v0.1.0 (CodeSystem)</a></p><p>All codes in this table are from the system <a href=\"CodeSystem-vp-vaccination-scheme-type.html\"><code>https://fhir-vaccination-pass.github.io/fhir-implementation-guide/CodeSystem/vp-vaccination-scheme-type</code></a></p><table class=\"codes\"><tr><td style=\"white-space:nowrap\"><b>Code</b></td><td><b>Display</b></td></tr><tr><td style=\"white-space:nowrap\"><a name=\"https---fhir-vaccination-pass.github.io-fhir-implementation-guide-CodeSystem-vp-vaccination-scheme-type-standard\"> </a>  <a href=\"CodeSystem-vp-vaccination-scheme-type.html#vp-vaccination-scheme-type-standard\">standard</a></td><td>Standard scheme that should be followed in most cases</td></tr><tr><td style=\"white-space:nowrap\"><a name=\"https---fhir-vaccination-pass.github.io-fhir-implementation-guide-CodeSystem-vp-vaccination-scheme-type-fast\"> </a>  <a href=\"CodeSystem-vp-vaccination-scheme-type.html#vp-vaccination-scheme-type-fast\">fast</a></td><td>Fast scheme that can be used if an accelerated immunization process is desired</td></tr><tr><td style=\"white-space:nowrap\"><a name=\"https---fhir-vaccination-pass.github.io-fhir-implementation-guide-CodeSystem-vp-vaccination-scheme-type-booster\"> </a>  <a href=\"CodeSystem-vp-vaccination-scheme-type.html#vp-vaccination-scheme-type-booster\">booster</a></td><td>Scheme that includes only repeating immunizations to refresh the protection</td></tr></table></div>"
      },
      "url" : "https://fhir-vaccination-pass.github.io/fhir-implementation-guide/ValueSet/vp-vaccination-scheme-type-value-set",
      "version" : "0.1.0",
      "name" : "VPVaccinationSchemeTypeValueSet",
      "title" : "VaccinationSchemeTypeValueSet",
      "status" : "active",
      "date" : "2022-08-04T13:09:21+00:00",
      "publisher" : "Example Publisher",
      "contact" : [{
        "name" : "Example Publisher",
        "telecom" : [{
          "system" : "url",
          "value" : "http://example.org/example-publisher"
        }]
      }],
      "description" : "Describes the type of a vaccination scheme such as standard, quick or repeating",
      "expansion" : {
        "identifier" : "urn:uuid:7675c9dc-caa9-4889-983c-989875f24d19",
        "timestamp" : "2022-08-04T13:09:38+00:00",
        "total" : 3,
        "parameter" : [{
          "name" : "excludeNested",
          "valueBoolean" : false
        },
        {
          "name" : "version",
          "valueUri" : "https://fhir-vaccination-pass.github.io/fhir-implementation-guide/CodeSystem/vp-vaccination-scheme-type|0.1.0"
        }],
        "contains" : [{
          "system" : "https://fhir-vaccination-pass.github.io/fhir-implementation-guide/CodeSystem/vp-vaccination-scheme-type",
          "code" : "standard",
          "display" : "Standard scheme that should be followed in most cases"
        },
        {
          "system" : "https://fhir-vaccination-pass.github.io/fhir-implementation-guide/CodeSystem/vp-vaccination-scheme-type",
          "code" : "fast",
          "display" : "Fast scheme that can be used if an accelerated immunization process is desired"
        },
        {
          "system" : "https://fhir-vaccination-pass.github.io/fhir-implementation-guide/CodeSystem/vp-vaccination-scheme-type",
          "code" : "booster",
          "display" : "Scheme that includes only repeating immunizations to refresh the protection"
        }]
      }
    }
  }]
}