<?xml version="1.0" encoding="UTF-8"?>

<SearchParameter xmlns="http://hl7.org/fhir">
  <id value="vp-vaccination-dose-number-in-scheme-parameter"/>
  <text>
    <status value="generated"/><div xmlns="http://www.w3.org/1999/xhtml"><p><b>Generated Narrative: SearchParameter</b></p><div style="display: inline-block; background-color: #d9e0e7; padding: 6px; margin: 4px; border: 1px solid #8da1b4; border-radius: 5px; line-height: 60%"><p style="margin-bottom: 0px">Resource SearchParameter "vp-vaccination-dose-number-in-scheme-parameter" </p></div><p><b>url</b>: <code>https://fhir-vaccination-pass.github.io/fhir-implementation-guide/SearchParameter/vp-vaccination-dose-number-in-scheme-parameter</code></p><p><b>version</b>: 0.1.0</p><p><b>name</b>: VaccinationDoseNumberInSchemeParameter</p><p><b>status</b>: active</p><p><b>date</b>: 2022-08-23 12:16:54+0000</p><p><b>publisher</b>: Example Publisher</p><p><b>contact</b>: Example Publisher: <a href="http://example.org/example-publisher">http://example.org/example-publisher</a></p><p><b>description</b>: Search for 'numberInScheme' in VaccinationDose.</p><p><b>code</b>: vaccinationDoseNumberInScheme</p><p><b>base</b>: Basic</p><p><b>type</b>: number</p><p><b>expression</b>: extension('https://fhir-vaccination-pass.github.io/fhir-implementation-guide/StructureDefinition/vp-vaccination-dose-single-extension').extension('numberInScheme').value</p></div>
  </text>
  <url value="https://fhir-vaccination-pass.github.io/fhir-implementation-guide/SearchParameter/vp-vaccination-dose-number-in-scheme-parameter"/>
  <version value="0.1.0"/>
  <name value="VaccinationDoseNumberInSchemeParameter"/>
  <status value="active"/>
  <date value="2022-08-23T12:16:54+00:00"/>
  <publisher value="Example Publisher"/>
  <contact>
    <name value="Example Publisher"/>
    <telecom>
      <system value="url"/>
      <value value="http://example.org/example-publisher"/>
    </telecom>
  </contact>
  <description value="Search for 'numberInScheme' in VaccinationDose."/>
  <code value="vaccinationDoseNumberInScheme"/>
  <base value="Basic"/>
  <type value="number"/>
  <expression value="extension('https://fhir-vaccination-pass.github.io/fhir-implementation-guide/StructureDefinition/vp-vaccination-dose-single-extension').extension('numberInScheme').value"/>
</SearchParameter>