<?xml version="1.0" encoding="UTF-8"?>

<ValueSet xmlns="http://hl7.org/fhir">
  <id value="vp-icd-10-value-set"/>
  <text>
    <status value="generated"/><div xmlns="http://www.w3.org/1999/xhtml"><ul><li>Include all codes defined in <a href="http://terminology.hl7.org/3.1.0/CodeSystem-icd10.html"><code>http://hl7.org/fhir/sid/icd-10</code></a></li></ul></div>
  </text>
  <url value="https://fhir-vaccination-pass.github.io/fhir-implementation-guide/ValueSet/vp-icd-10-value-set"/>
  <version value="0.1.0"/>
  <name value="VPICD10ValueSet"/>
  <title value="ICD10ValueSet"/>
  <status value="active"/>
  <date value="2022-08-04T22:42:55+00:00"/>
  <publisher value="Example Publisher"/>
  <contact>
    <name value="Example Publisher"/>
    <telecom>
      <system value="url"/>
      <value value="http://example.org/example-publisher"/>
    </telecom>
  </contact>
  <compose>
    <include>
      <system value="http://hl7.org/fhir/sid/icd-10"/>
    </include>
  </compose>
</ValueSet>