<?xml version="1.0" encoding="UTF-8"?><ImplementationGuide xmlns="http://hl7.org/fhir"><id value="com.github.fhirvaccinationpass.ig"/><text><status value="extensions"/><div xmlns="http://www.w3.org/1999/xhtml"><h2>VPImplementationGuide</h2><p>The official URL for this implementation guide is: </p><pre>https://fhir-vaccination-pass.github.io/fhir-implementation-guide/ImplementationGuide/com.github.fhirvaccinationpass.ig</pre></div></text><url value="https://fhir-vaccination-pass.github.io/fhir-implementation-guide/ImplementationGuide/com.github.fhirvaccinationpass.ig"/><version value="0.1.0"/><name value="VPImplementationGuide"/><status value="draft"/><date value="2022-08-11T05:51:10+00:00"/><publisher value="Example Publisher"/><contact><name value="Example Publisher"/><telecom><system value="url"/><value value="http://example.org/example-publisher"/></telecom></contact><packageId value="com.github.fhirvaccinationpass.ig"/><license value="CC0-1.0"/><fhirVersion value="4.0.1"/><dependsOn id="hl7tx"><uri value="http://terminology.hl7.org/ImplementationGuide/hl7.terminology"/><packageId value="hl7.terminology.r4"/><version value="3.1.0"/></dependsOn><definition><extension url="http://hl7.org/fhir/tools/StructureDefinition/ig-parameter"><extension url="code"><valueString value="copyrightyear"/></extension><extension url="value"><valueString value="2022+"/></extension></extension><extension url="http://hl7.org/fhir/tools/StructureDefinition/ig-parameter"><extension url="code"><valueString value="releaselabel"/></extension><extension url="value"><valueString value="ci-build"/></extension></extension><extension url="http://hl7.org/fhir/tools/StructureDefinition/ig-parameter"><extension url="code"><valueString value="path-liquid"/></extension><extension url="value"><valueString value="template/liquid"/></extension></extension><extension url="http://hl7.org/fhir/tools/StructureDefinition/ig-parameter"><extension url="code"><valueString value="path-liquid"/></extension><extension url="value"><valueString value="input/liquid"/></extension></extension><extension url="http://hl7.org/fhir/tools/StructureDefinition/ig-parameter"><extension url="code"><valueString value="path-qa"/></extension><extension url="value"><valueString value="temp/qa"/></extension></extension><extension url="http://hl7.org/fhir/tools/StructureDefinition/ig-parameter"><extension url="code"><valueString value="path-temp"/></extension><extension url="value"><valueString value="temp/pages"/></extension></extension><extension url="http://hl7.org/fhir/tools/StructureDefinition/ig-parameter"><extension url="code"><valueString value="path-output"/></extension><extension url="value"><valueString value="output"/></extension></extension><extension url="http://hl7.org/fhir/tools/StructureDefinition/ig-parameter"><extension url="code"><valueString value="path-suppressed-warnings"/></extension><extension url="value"><valueString value="input/ignoreWarnings.txt"/></extension></extension><extension url="http://hl7.org/fhir/tools/StructureDefinition/ig-parameter"><extension url="code"><valueString value="path-history"/></extension><extension url="value"><valueString value="https://fhir-vaccination-pass.github.io/fhir-implementation-guide/history.html"/></extension></extension><extension url="http://hl7.org/fhir/tools/StructureDefinition/ig-parameter"><extension url="code"><valueString value="template-html"/></extension><extension url="value"><valueString value="template-page.html"/></extension></extension><extension url="http://hl7.org/fhir/tools/StructureDefinition/ig-parameter"><extension url="code"><valueString value="template-md"/></extension><extension url="value"><valueString value="template-page-md.html"/></extension></extension><extension url="http://hl7.org/fhir/tools/StructureDefinition/ig-parameter"><extension url="code"><valueString value="apply-contact"/></extension><extension url="value"><valueString value="true"/></extension></extension><extension url="http://hl7.org/fhir/tools/StructureDefinition/ig-parameter"><extension url="code"><valueString value="apply-context"/></extension><extension url="value"><valueString value="true"/></extension></extension><extension url="http://hl7.org/fhir/tools/StructureDefinition/ig-parameter"><extension url="code"><valueString value="apply-copyright"/></extension><extension url="value"><valueString value="true"/></extension></extension><extension url="http://hl7.org/fhir/tools/StructureDefinition/ig-parameter"><extension url="code"><valueString value="apply-jurisdiction"/></extension><extension url="value"><valueString value="true"/></extension></extension><extension url="http://hl7.org/fhir/tools/StructureDefinition/ig-parameter"><extension url="code"><valueString value="apply-license"/></extension><extension url="value"><valueString value="true"/></extension></extension><extension url="http://hl7.org/fhir/tools/StructureDefinition/ig-parameter"><extension url="code"><valueString value="apply-publisher"/></extension><extension url="value"><valueString value="true"/></extension></extension><extension url="http://hl7.org/fhir/tools/StructureDefinition/ig-parameter"><extension url="code"><valueString value="apply-version"/></extension><extension url="value"><valueString value="true"/></extension></extension><extension url="http://hl7.org/fhir/tools/StructureDefinition/ig-parameter"><extension url="code"><valueString value="active-tables"/></extension><extension url="value"><valueString value="true"/></extension></extension><extension url="http://hl7.org/fhir/tools/StructureDefinition/ig-parameter"><extension url="code"><valueString value="fmm-definition"/></extension><extension url="value"><valueString value="http://hl7.org/fhir/versions.html#maturity"/></extension></extension><extension url="http://hl7.org/fhir/tools/StructureDefinition/ig-parameter"><extension url="code"><valueString value="propagate-status"/></extension><extension url="value"><valueString value="true"/></extension></extension><extension url="http://hl7.org/fhir/tools/StructureDefinition/ig-parameter"><extension url="code"><valueString value="excludelogbinaryformat"/></extension><extension url="value"><valueString value="true"/></extension></extension><grouping id="-str-profile"><name value="Structures: Resource Profiles"/><description value="These define constraints on FHIR resources for systems conforming to this implementation guide"/></grouping><grouping id="-str-extension"><name value="Structures: Extension Definitions"/><description value="These define constraints on FHIR data types for systems conforming to this implementation guide"/></grouping><grouping id="-term-valueset"><name value="Terminology: Value Sets"/><description value="These define sets of codes used by systems conforming to this implementation guide"/></grouping><grouping id="-term-codesystem"><name value="Terminology: Code Systems"/><description value="These define new code systems used by systems conforming to this implementation guide"/></grouping><resource><extension url="http://hl7.org/fhir/StructureDefinition/implementationguide-page"><valueUri value="StructureDefinition-vp-active-vaccination-scheme.html"/></extension><reference><reference value="StructureDefinition/vp-active-vaccination-scheme"/></reference><name value="ActiveVaccinationScheme"/><description value="ActiveVaccinationScheme indicates which vaccination scheme is in use for a patient and target disease."/><exampleBoolean value="false"/><groupingId value="-str-profile"/></resource><resource><extension url="http://hl7.org/fhir/StructureDefinition/implementationguide-page"><valueUri value="StructureDefinition-vp-immunization.html"/></extension><reference><reference value="StructureDefinition/vp-immunization"/></reference><name value="Immunization"/><description value="Immunization profile for use in FHIR Vaccination Pass"/><exampleBoolean value="false"/><groupingId value="-str-profile"/></resource><resource><extension url="http://hl7.org/fhir/StructureDefinition/implementationguide-page"><valueUri value="StructureDefinition-vp-immunization-recommendation.html"/></extension><reference><reference value="StructureDefinition/vp-immunization-recommendation"/></reference><name value="ImmunizationRecommendation"/><description value="ImmunizationRecommendation profile for use in FHIR Vaccination Pass."/><exampleBoolean value="false"/><groupingId value="-str-profile"/></resource><resource><extension url="http://hl7.org/fhir/StructureDefinition/implementationguide-page"><valueUri value="StructureDefinition-vp-medication.html"/></extension><reference><reference value="StructureDefinition/vp-medication"/></reference><name value="Medication"/><description value="Medication profile for use in FHIR Vaccination Pass"/><exampleBoolean value="false"/><groupingId value="-str-profile"/></resource><resource><extension url="http://hl7.org/fhir/StructureDefinition/implementationguide-page"><valueUri value="StructureDefinition-vp-organization.html"/></extension><reference><reference value="StructureDefinition/vp-organization"/></reference><name value="Organization"/><description value="Organization profile for use in FHIR Vaccination Pass"/><exampleBoolean value="false"/><groupingId value="-str-profile"/></resource><resource><extension url="http://hl7.org/fhir/StructureDefinition/implementationguide-page"><valueUri value="StructureDefinition-vp-patient.html"/></extension><reference><reference value="StructureDefinition/vp-patient"/></reference><name value="Patient"/><description value="Patient profile for use in FHIR Vaccination Pass"/><exampleBoolean value="false"/><groupingId value="-str-profile"/></resource><resource><extension url="http://hl7.org/fhir/StructureDefinition/implementationguide-page"><valueUri value="StructureDefinition-vp-population-recommendation.html"/></extension><reference><reference value="StructureDefinition/vp-population-recommendation"/></reference><name value="PopulationRecommendation"/><description value="PopulationRecommendation models a general recommendation to achieve immunity against a specific disease, possibly&#xA;limited to locations where the disease is prevalent or to an age range of the patients."/><exampleBoolean value="false"/><groupingId value="-str-profile"/></resource><resource><extension url="http://hl7.org/fhir/StructureDefinition/implementationguide-page"><valueUri value="StructureDefinition-vp-practitioner.html"/></extension><reference><reference value="StructureDefinition/vp-practitioner"/></reference><name value="Practitioner"/><description value="Practitioner profile for use in FHIR Vaccination Pass"/><exampleBoolean value="false"/><groupingId value="-str-profile"/></resource><resource><extension url="http://hl7.org/fhir/StructureDefinition/implementationguide-page"><valueUri value="StructureDefinition-vp-target-disease.html"/></extension><reference><reference value="StructureDefinition/vp-target-disease"/></reference><name value="TargetDisease"/><description value="Target disease contains information about a disease that can be vaccinated against"/><exampleBoolean value="false"/><groupingId value="-str-profile"/></resource><resource><extension url="http://hl7.org/fhir/StructureDefinition/implementationguide-page"><valueUri value="StructureDefinition-vp-vacation-plan.html"/></extension><reference><reference value="StructureDefinition/vp-vacation-plan"/></reference><name value="VacationPlan"/><description value="VacationPlan models the intent of a patient to travel to a different location, potentially leading to a change of the&#xA;indicated immunizations for the patient."/><exampleBoolean value="false"/><groupingId value="-str-profile"/></resource><resource><extension url="http://hl7.org/fhir/StructureDefinition/implementationguide-page"><valueUri value="StructureDefinition-vp-vaccination-dose.html"/></extension><reference><reference value="StructureDefinition/vp-vaccination-dose"/></reference><name value="VaccinationDose"/><description value="VaccinationDose models one of the doses of a vaccination given as part of a vaccination scheme."/><exampleBoolean value="false"/><groupingId value="-str-profile"/></resource><resource><extension url="http://hl7.org/fhir/StructureDefinition/implementationguide-page"><valueUri value="StructureDefinition-vp-vaccination-scheme.html"/></extension><reference><reference value="StructureDefinition/vp-vaccination-scheme"/></reference><name value="VaccinationScheme"/><description value="VaccinationScheme models a process consisting of immunizations through wich a patient can reach immunity against a target&#xA;disease."/><exampleBoolean value="false"/><groupingId value="-str-profile"/></resource><resource><extension url="http://hl7.org/fhir/StructureDefinition/implementationguide-page"><valueUri value="StructureDefinition-vp-active-vaccination-scheme-extension.html"/></extension><reference><reference value="StructureDefinition/vp-active-vaccination-scheme-extension"/></reference><name value="ActiveVaccinationSchemeExtension"/><exampleBoolean value="false"/><groupingId value="-str-extension"/></resource><resource><extension url="http://hl7.org/fhir/StructureDefinition/implementationguide-page"><valueUri value="StructureDefinition-vp-administered-vaccination-dose.html"/></extension><reference><reference value="StructureDefinition/vp-administered-vaccination-dose"/></reference><name value="VPAdministeredVaccinationDose"/><exampleBoolean value="false"/><groupingId value="-str-extension"/></resource><resource><extension url="http://hl7.org/fhir/StructureDefinition/implementationguide-page"><valueUri value="StructureDefinition-vp-country-code-extension.html"/></extension><reference><reference value="StructureDefinition/vp-country-code-extension"/></reference><name value="CountryCodeExtension"/><exampleBoolean value="false"/><groupingId value="-str-extension"/></resource><resource><extension url="http://hl7.org/fhir/StructureDefinition/implementationguide-page"><valueUri value="StructureDefinition-vp-fulfilling-immunization.html"/></extension><reference><reference value="StructureDefinition/vp-fulfilling-immunization"/></reference><name value="FulfillingImmunization"/><description value="Future Immunization that fulfills this ImmunizationRecommendation."/><exampleBoolean value="false"/><groupingId value="-str-extension"/></resource><resource><extension url="http://hl7.org/fhir/StructureDefinition/implementationguide-page"><valueUri value="StructureDefinition-vp-immunization-recommendation-is-deactivated.html"/></extension><reference><reference value="StructureDefinition/vp-immunization-recommendation-is-deactivated"/></reference><name value="VPImmunizationRecommendationIsDeactivated"/><description value="Indicates if this ImmunizationRecommendation has been deactivated by a medical doctor."/><exampleBoolean value="false"/><groupingId value="-str-extension"/></resource><resource><extension url="http://hl7.org/fhir/StructureDefinition/implementationguide-page"><valueUri value="StructureDefinition-vp-location-extension.html"/></extension><reference><reference value="StructureDefinition/vp-location-extension"/></reference><name value="LocationExtension"/><exampleBoolean value="false"/><groupingId value="-str-extension"/></resource><resource><extension url="http://hl7.org/fhir/StructureDefinition/implementationguide-page"><valueUri value="StructureDefinition-vp-medication-target-disease.html"/></extension><reference><reference value="StructureDefinition/vp-medication-target-disease"/></reference><name value="VPMedicationTargetDisease"/><description value="The ICD-10 code of a disease that is targeted by this medication."/><exampleBoolean value="false"/><groupingId value="-str-extension"/></resource><resource><extension url="http://hl7.org/fhir/StructureDefinition/implementationguide-page"><valueUri value="StructureDefinition-vp-medication-trade-name.html"/></extension><reference><reference value="StructureDefinition/vp-medication-trade-name"/></reference><name value="MedicationTradeName"/><description value="The trade name of the medication."/><exampleBoolean value="false"/><groupingId value="-str-extension"/></resource><resource><extension url="http://hl7.org/fhir/StructureDefinition/implementationguide-page"><valueUri value="StructureDefinition-vp-patient-is-pregnant-extension.html"/></extension><reference><reference value="StructureDefinition/vp-patient-is-pregnant-extension"/></reference><name value="VPPatientIsPregnantExtension"/><exampleBoolean value="false"/><groupingId value="-str-extension"/></resource><resource><extension url="http://hl7.org/fhir/StructureDefinition/implementationguide-page"><valueUri value="StructureDefinition-vp-patient-keycloak-username-extension.html"/></extension><reference><reference value="StructureDefinition/vp-patient-keycloak-username-extension"/></reference><name value="VPPatientKeycloakUsernameExtension"/><exampleBoolean value="false"/><groupingId value="-str-extension"/></resource><resource><extension url="http://hl7.org/fhir/StructureDefinition/implementationguide-page"><valueUri value="StructureDefinition-vp-population-recommendation-extension.html"/></extension><reference><reference value="StructureDefinition/vp-population-recommendation-extension"/></reference><name value="PopulationRecommendationExtension"/><exampleBoolean value="false"/><groupingId value="-str-extension"/></resource><resource><extension url="http://hl7.org/fhir/StructureDefinition/implementationguide-page"><valueUri value="StructureDefinition-vp-recommended-vaccination-dose.html"/></extension><reference><reference value="StructureDefinition/vp-recommended-vaccination-dose"/></reference><name value="VPRecommendedVaccinationDose"/><description value="VaccinationDose that has to be administered to fulfill this ImmunizationRecommendation."/><exampleBoolean value="false"/><groupingId value="-str-extension"/></resource><resource><extension url="http://hl7.org/fhir/StructureDefinition/implementationguide-page"><valueUri value="StructureDefinition-vp-state-code-extension.html"/></extension><reference><reference value="StructureDefinition/vp-state-code-extension"/></reference><name value="StateCodeExtension"/><exampleBoolean value="false"/><groupingId value="-str-extension"/></resource><resource><extension url="http://hl7.org/fhir/StructureDefinition/implementationguide-page"><valueUri value="StructureDefinition-vp-supporting-population-recommendation.html"/></extension><reference><reference value="StructureDefinition/vp-supporting-population-recommendation"/></reference><name value="SupportingPopulationRecommendation"/><description value="PopulationRecommendation that is the reason for generating this ImmunizationRecommendation."/><exampleBoolean value="false"/><groupingId value="-str-extension"/></resource><resource><extension url="http://hl7.org/fhir/StructureDefinition/implementationguide-page"><valueUri value="StructureDefinition-vp-target-disease-extension.html"/></extension><reference><reference value="StructureDefinition/vp-target-disease-extension"/></reference><name value="TargetDiseaseExtension"/><exampleBoolean value="false"/><groupingId value="-str-extension"/></resource><resource><extension url="http://hl7.org/fhir/StructureDefinition/implementationguide-page"><valueUri value="StructureDefinition-vp-vacation-plan-extension.html"/></extension><reference><reference value="StructureDefinition/vp-vacation-plan-extension"/></reference><name value="VacationPlanExtension"/><exampleBoolean value="false"/><groupingId value="-str-extension"/></resource><resource><extension url="http://hl7.org/fhir/StructureDefinition/implementationguide-page"><valueUri value="StructureDefinition-vp-vaccination-dose-extension.html"/></extension><reference><reference value="StructureDefinition/vp-vaccination-dose-extension"/></reference><name value="VaccinationDoseExtension"/><exampleBoolean value="false"/><groupingId value="-str-extension"/></resource><resource><extension url="http://hl7.org/fhir/StructureDefinition/implementationguide-page"><valueUri value="StructureDefinition-vp-vaccination-dose-repeating-extension.html"/></extension><reference><reference value="StructureDefinition/vp-vaccination-dose-repeating-extension"/></reference><name value="VaccinationDoseRepeatingExtension"/><exampleBoolean value="false"/><groupingId value="-str-extension"/></resource><resource><extension url="http://hl7.org/fhir/StructureDefinition/implementationguide-page"><valueUri value="StructureDefinition-vp-vaccination-dose-single-extension.html"/></extension><reference><reference value="StructureDefinition/vp-vaccination-dose-single-extension"/></reference><name value="VaccinationDoseSingleExtension"/><exampleBoolean value="false"/><groupingId value="-str-extension"/></resource><resource><extension url="http://hl7.org/fhir/StructureDefinition/implementationguide-page"><valueUri value="StructureDefinition-vp-vaccination-scheme-extension.html"/></extension><reference><reference value="StructureDefinition/vp-vaccination-scheme-extension"/></reference><name value="VaccinationSchemeExtension"/><exampleBoolean value="false"/><groupingId value="-str-extension"/></resource><resource><extension url="http://hl7.org/fhir/StructureDefinition/implementationguide-page"><valueUri value="ValueSet-vp-icd-10-value-set.html"/></extension><reference><reference value="ValueSet/vp-icd-10-value-set"/></reference><name value="ICD10ValueSet"/><exampleBoolean value="false"/><groupingId value="-term-valueset"/></resource><resource><extension url="http://hl7.org/fhir/StructureDefinition/implementationguide-page"><valueUri value="ValueSet-vp-state-code-value-set.html"/></extension><reference><reference value="ValueSet/vp-state-code-value-set"/></reference><name value="VPStateCodeValueSet"/><exampleBoolean value="false"/><groupingId value="-term-valueset"/></resource><resource><extension url="http://hl7.org/fhir/StructureDefinition/implementationguide-page"><valueUri value="ValueSet-vp-vaccination-scheme-type-value-set.html"/></extension><reference><reference value="ValueSet/vp-vaccination-scheme-type-value-set"/></reference><name value="VaccinationSchemeTypeValueSet"/><description value="Describes the type of a vaccination scheme such as standard, quick or repeating"/><exampleBoolean value="false"/><groupingId value="-term-valueset"/></resource><resource><extension url="http://hl7.org/fhir/StructureDefinition/implementationguide-page"><valueUri value="CodeSystem-vp-vaccination-scheme-type.html"/></extension><reference><reference value="CodeSystem/vp-vaccination-scheme-type"/></reference><name value="VaccinationSchemeType"/><description value="Describes the type of a vaccination scheme such as standard, quick or repeating"/><exampleBoolean value="false"/><groupingId value="-term-codesystem"/></resource><page><nameUrl value="toc.html"/><title value="Table of Contents"/><generation value="html"/><page><nameUrl value="index.html"/><title value="Home"/><generation value="markdown"/></page><page><nameUrl value="artifacts.html"/><title value="Artifacts Summary"/><generation value="html"/><page><nameUrl value="StructureDefinition-vp-active-vaccination-scheme.html"/><title value="ActiveVaccinationScheme"/><generation value="generated"/></page><page><nameUrl value="StructureDefinition-vp-immunization.html"/><title value="Immunization"/><generation value="generated"/></page><page><nameUrl value="StructureDefinition-vp-immunization-recommendation.html"/><title value="ImmunizationRecommendation"/><generation value="generated"/></page><page><nameUrl value="StructureDefinition-vp-medication.html"/><title value="Medication"/><generation value="generated"/></page><page><nameUrl value="StructureDefinition-vp-organization.html"/><title value="Organization"/><generation value="generated"/></page><page><nameUrl value="StructureDefinition-vp-patient.html"/><title value="Patient"/><generation value="generated"/></page><page><nameUrl value="StructureDefinition-vp-population-recommendation.html"/><title value="PopulationRecommendation"/><generation value="generated"/></page><page><nameUrl value="StructureDefinition-vp-practitioner.html"/><title value="Practitioner"/><generation value="generated"/></page><page><nameUrl value="StructureDefinition-vp-target-disease.html"/><title value="TargetDisease"/><generation value="generated"/></page><page><nameUrl value="StructureDefinition-vp-vacation-plan.html"/><title value="VacationPlan"/><generation value="generated"/></page><page><nameUrl value="StructureDefinition-vp-vaccination-dose.html"/><title value="VaccinationDose"/><generation value="generated"/></page><page><nameUrl value="StructureDefinition-vp-vaccination-scheme.html"/><title value="VaccinationScheme"/><generation value="generated"/></page><page><nameUrl value="StructureDefinition-vp-active-vaccination-scheme-extension.html"/><title value="ActiveVaccinationSchemeExtension"/><generation value="generated"/></page><page><nameUrl value="StructureDefinition-vp-administered-vaccination-dose.html"/><title value="VPAdministeredVaccinationDose"/><generation value="generated"/></page><page><nameUrl value="StructureDefinition-vp-country-code-extension.html"/><title value="CountryCodeExtension"/><generation value="generated"/></page><page><nameUrl value="StructureDefinition-vp-fulfilling-immunization.html"/><title value="FulfillingImmunization"/><generation value="generated"/></page><page><nameUrl value="StructureDefinition-vp-immunization-recommendation-is-deactivated.html"/><title value="VPImmunizationRecommendationIsDeactivated"/><generation value="generated"/></page><page><nameUrl value="StructureDefinition-vp-location-extension.html"/><title value="LocationExtension"/><generation value="generated"/></page><page><nameUrl value="StructureDefinition-vp-medication-target-disease.html"/><title value="VPMedicationTargetDisease"/><generation value="generated"/></page><page><nameUrl value="StructureDefinition-vp-medication-trade-name.html"/><title value="MedicationTradeName"/><generation value="generated"/></page><page><nameUrl value="StructureDefinition-vp-patient-is-pregnant-extension.html"/><title value="VPPatientIsPregnantExtension"/><generation value="generated"/></page><page><nameUrl value="StructureDefinition-vp-patient-keycloak-username-extension.html"/><title value="VPPatientKeycloakUsernameExtension"/><generation value="generated"/></page><page><nameUrl value="StructureDefinition-vp-population-recommendation-extension.html"/><title value="PopulationRecommendationExtension"/><generation value="generated"/></page><page><nameUrl value="StructureDefinition-vp-recommended-vaccination-dose.html"/><title value="VPRecommendedVaccinationDose"/><generation value="generated"/></page><page><nameUrl value="StructureDefinition-vp-state-code-extension.html"/><title value="StateCodeExtension"/><generation value="generated"/></page><page><nameUrl value="StructureDefinition-vp-supporting-population-recommendation.html"/><title value="SupportingPopulationRecommendation"/><generation value="generated"/></page><page><nameUrl value="StructureDefinition-vp-target-disease-extension.html"/><title value="TargetDiseaseExtension"/><generation value="generated"/></page><page><nameUrl value="StructureDefinition-vp-vacation-plan-extension.html"/><title value="VacationPlanExtension"/><generation value="generated"/></page><page><nameUrl value="StructureDefinition-vp-vaccination-dose-extension.html"/><title value="VaccinationDoseExtension"/><generation value="generated"/></page><page><nameUrl value="StructureDefinition-vp-vaccination-dose-repeating-extension.html"/><title value="VaccinationDoseRepeatingExtension"/><generation value="generated"/></page><page><nameUrl value="StructureDefinition-vp-vaccination-dose-single-extension.html"/><title value="VaccinationDoseSingleExtension"/><generation value="generated"/></page><page><nameUrl value="StructureDefinition-vp-vaccination-scheme-extension.html"/><title value="VaccinationSchemeExtension"/><generation value="generated"/></page><page><nameUrl value="ValueSet-vp-icd-10-value-set.html"/><title value="ICD10ValueSet"/><generation value="generated"/></page><page><nameUrl value="ValueSet-vp-state-code-value-set.html"/><title value="VPStateCodeValueSet"/><generation value="generated"/></page><page><nameUrl value="ValueSet-vp-vaccination-scheme-type-value-set.html"/><title value="VaccinationSchemeTypeValueSet"/><generation value="generated"/></page><page><nameUrl value="CodeSystem-vp-vaccination-scheme-type.html"/><title value="VaccinationSchemeType"/><generation value="generated"/></page></page></page><parameter><code value="path-resource"/><value value="input/capabilities"/></parameter><parameter><code value="path-resource"/><value value="input/examples"/></parameter><parameter><code value="path-resource"/><value value="input/extensions"/></parameter><parameter><code value="path-resource"/><value value="input/models"/></parameter><parameter><code value="path-resource"/><value value="input/operations"/></parameter><parameter><code value="path-resource"/><value value="input/profiles"/></parameter><parameter><code value="path-resource"/><value value="input/resources"/></parameter><parameter><code value="path-resource"/><value value="input/vocabulary"/></parameter><parameter><code value="path-resource"/><value value="input/maps"/></parameter><parameter><code value="path-resource"/><value value="input/testing"/></parameter><parameter><code value="path-resource"/><value value="input/history"/></parameter><parameter><code value="path-resource"/><value value="fsh-generated/resources"/></parameter><parameter><code value="path-pages"/><value value="template/config"/></parameter><parameter><code value="path-pages"/><value value="input/images"/></parameter><parameter><code value="path-tx-cache"/><value value="input-cache/txcache"/></parameter></definition></ImplementationGuide>