<?xml version="1.0" encoding="UTF-8"?><SearchParameter xmlns="http://hl7.org/fhir"><id value="vp-target-disease-code-parameter"/><url value="https://fhir-vaccination-pass.github.io/fhir-implementation-guide/SearchParameter/vp-target-disease-code-parameter"/><version value="0.1.0"/><name value="TargetDiseaseCodeParameter"/><status value="active"/><date value="2022-08-23T12:16:54+00:00"/><publisher value="Example Publisher"/><contact><name value="Example Publisher"/><telecom><system value="url"/><value value="http://example.org/example-publisher"/></telecom></contact><description value="Search for 'code' in TargetDisease."/><code value="targetDiseaseCode"/><base value="Basic"/><type value="token"/><expression value="extension('https://fhir-vaccination-pass.github.io/fhir-implementation-guide/StructureDefinition/vp-target-disease-extension').extension('code').value"/></SearchParameter>