<?xml version="1.0" encoding="UTF-8"?><SearchParameter xmlns="http://hl7.org/fhir"><id value="vp-vaccination-scheme-is-preferred-parameter"/><url value="https://fhir-vaccination-pass.github.io/fhir-implementation-guide/SearchParameter/vp-vaccination-scheme-is-preferred-parameter"/><version value="0.1.0"/><name value="VaccinationSchemeIsPreferredParameter"/><status value="active"/><date value="2022-08-23T12:16:54+00:00"/><publisher value="Example Publisher"/><contact><name value="Example Publisher"/><telecom><system value="url"/><value value="http://example.org/example-publisher"/></telecom></contact><description value="Search for 'isPreferred' in VaccinationScheme."/><code value="vaccinationSchemeIsPreferred"/><base value="Basic"/><type value="token"/><expression value="extension('https://fhir-vaccination-pass.github.io/fhir-implementation-guide/StructureDefinition/vp-vaccination-scheme-extension').extension('isPreferred').value"/></SearchParameter>