<?xml version="1.0" encoding="UTF-8"?>

<Bundle xmlns="http://hl7.org/fhir">
  <id value="c01f6922-300e-4460-8f9d-cc108f47a7a2"/>
  <meta>
    <lastUpdated value="2022-08-04T13:09:21.983+00:00"/>
  </meta>
  <type value="collection"/>
  <entry>
    <fullUrl value="https://fhir-vaccination-pass.github.io/fhir-implementation-guide/ValueSet/vp-vaccination-scheme-type-value-set"/>
    <resource>
      <ValueSet>
        <id value="vp-vaccination-scheme-type-value-set"/>
        <text>
          <status value="generated"/>
          <div xmlns="http://www.w3.org/1999/xhtml">
            <p>This value set contains 3 concepts</p>
            <p style="border: black 1px dotted; background-color: #EEEEEE; padding: 8px; margin-bottom: 8px">Expansion based on 
              <a href="CodeSystem-vp-vaccination-scheme-type.html">VaccinationSchemeType v0.1.0 (CodeSystem)</a>
            </p>
            <p>All codes in this table are from the system 
              <a href="CodeSystem-vp-vaccination-scheme-type.html">
                <code>https://fhir-vaccination-pass.github.io/fhir-implementation-guide/CodeSystem/vp-vaccination-scheme-type</code>
              </a>
            </p>
            <table class="codes">
              <tr>
                <td style="white-space:nowrap">
                  <b>Code</b>
                </td>
                <td>
                  <b>Display</b>
                </td>
              </tr>
              <tr>
                <td style="white-space:nowrap">
                  <a name="https---fhir-vaccination-pass.github.io-fhir-implementation-guide-CodeSystem-vp-vaccination-scheme-type-standard"> </a>  
                  <a href="CodeSystem-vp-vaccination-scheme-type.html#vp-vaccination-scheme-type-standard">standard</a>
                </td>
                <td>Standard scheme that should be followed in most cases</td>
              </tr>
              <tr>
                <td style="white-space:nowrap">
                  <a name="https---fhir-vaccination-pass.github.io-fhir-implementation-guide-CodeSystem-vp-vaccination-scheme-type-fast"> </a>  
                  <a href="CodeSystem-vp-vaccination-scheme-type.html#vp-vaccination-scheme-type-fast">fast</a>
                </td>
                <td>Fast scheme that can be used if an accelerated immunization process is desired</td>
              </tr>
              <tr>
                <td style="white-space:nowrap">
                  <a name="https---fhir-vaccination-pass.github.io-fhir-implementation-guide-CodeSystem-vp-vaccination-scheme-type-booster"> </a>  
                  <a href="CodeSystem-vp-vaccination-scheme-type.html#vp-vaccination-scheme-type-booster">booster</a>
                </td>
                <td>Scheme that includes only repeating immunizations to refresh the protection</td>
              </tr>
            </table>
          </div>
        </text>
        <url value="https://fhir-vaccination-pass.github.io/fhir-implementation-guide/ValueSet/vp-vaccination-scheme-type-value-set"/>
        <version value="0.1.0"/>
        <name value="VPVaccinationSchemeTypeValueSet"/>
        <title value="VaccinationSchemeTypeValueSet"/>
        <status value="active"/>
        <date value="2022-08-04T13:09:21+00:00"/>
        <publisher value="Example Publisher"/>
        <contact>
          <name value="Example Publisher"/>
          <telecom>
            <system value="url"/>
            <value value="http://example.org/example-publisher"/>
          </telecom>
        </contact>
        <description value="Describes the type of a vaccination scheme such as standard, quick or repeating"/>
        <expansion>
          <identifier value="urn:uuid:7675c9dc-caa9-4889-983c-989875f24d19"/>
          <timestamp value="2022-08-04T13:09:38+00:00"/>
          <total value="3"/>
          <parameter>
            <name value="excludeNested"/>
            <valueBoolean value="false"/>
          </parameter>
          <parameter>
            <name value="version"/>
            <valueUri value="https://fhir-vaccination-pass.github.io/fhir-implementation-guide/CodeSystem/vp-vaccination-scheme-type|0.1.0"/>
          </parameter>
          <contains>
            <system value="https://fhir-vaccination-pass.github.io/fhir-implementation-guide/CodeSystem/vp-vaccination-scheme-type"/>
            <code value="standard"/>
            <display value="Standard scheme that should be followed in most cases"/>
          </contains>
          <contains>
            <system value="https://fhir-vaccination-pass.github.io/fhir-implementation-guide/CodeSystem/vp-vaccination-scheme-type"/>
            <code value="fast"/>
            <display value="Fast scheme that can be used if an accelerated immunization process is desired"/>
          </contains>
          <contains>
            <system value="https://fhir-vaccination-pass.github.io/fhir-implementation-guide/CodeSystem/vp-vaccination-scheme-type"/>
            <code value="booster"/>
            <display value="Scheme that includes only repeating immunizations to refresh the protection"/>
          </contains>
        </expansion>
      </ValueSet>
    </resource>
  </entry>
</Bundle>