<?xml version="1.0" encoding="UTF-8"?>

<StructureDefinition xmlns="http://hl7.org/fhir">
  <id value="vp-vaccination-dose-extension"/>
  <text>
    <status value="extensions"/><div xmlns="http://www.w3.org/1999/xhtml"><table border="0" cellpadding="0" cellspacing="0" style="border: 0px #F0F0F0 solid; font-size: 11px; font-family: verdana; vertical-align: top;"><tr style="border: 1px #F0F0F0 solid; font-size: 11px; font-family: verdana; vertical-align: top"><th style="vertical-align: top; text-align : left; background-color: white; border: 0px #F0F0F0 solid; padding:0px 4px 0px 4px" class="hierarchy"><a href="http://hl7.org/fhir/R4/formats.html#table" title="The logical name of the element">Name</a></th><th style="vertical-align: top; text-align : left; background-color: white; border: 0px #F0F0F0 solid; padding:0px 4px 0px 4px" class="hierarchy"><a href="http://hl7.org/fhir/R4/formats.html#table" title="Information about the use of the element">Flags</a></th><th style="vertical-align: top; text-align : left; background-color: white; border: 0px #F0F0F0 solid; padding:0px 4px 0px 4px" class="hierarchy"><a href="http://hl7.org/fhir/R4/formats.html#table" title="Minimum and Maximum # of times the the element can appear in the instance">Card.</a></th><th style="width: 100px" class="hierarchy"><a href="http://hl7.org/fhir/R4/formats.html#table" title="Reference to the type of the element">Type</a></th><th style="vertical-align: top; text-align : left; background-color: white; border: 0px #F0F0F0 solid; padding:0px 4px 0px 4px" class="hierarchy"><a href="http://hl7.org/fhir/R4/formats.html#table" title="Additional information about the element">Description &amp; Constraints</a><span style="float: right"><a href="http://hl7.org/fhir/R4/formats.html#table" title="Legend for this format"><img src="http://hl7.org/fhir/R4/help16.png" alt="doco" style="background-color: inherit"/></a></span></th></tr><tr style="border: 0px #F0F0F0 solid; padding:0px; vertical-align: top; background-color: white"><td style="vertical-align: top; text-align : left; background-color: white; border: 0px #F0F0F0 solid; padding:0px 4px 0px 4px; white-space: nowrap; background-image: url(tbl_bck1.png)" class="hierarchy"><img src="tbl_spacer.png" alt="." style="background-color: inherit" class="hierarchy"/><img src="icon_element.gif" alt="." style="background-color: white; background-color: inherit" title="Element" class="hierarchy"/> <a href="StructureDefinition-vp-vaccination-dose-extension-definitions.html#Extension">Extension</a><a name="Extension"> </a></td><td style="vertical-align: top; text-align : left; background-color: white; border: 0px #F0F0F0 solid; padding:0px 4px 0px 4px" class="hierarchy"><span style="padding-left: 3px; padding-right: 3px; color: black; null" title="This element has or is affected by some invariants (vp-vaccination-dose-extension-only-one-kind-invariant)">I</span></td><td style="vertical-align: top; text-align : left; background-color: white; border: 0px #F0F0F0 solid; padding:0px 4px 0px 4px" class="hierarchy"><span style="opacity: 0.5">0</span><span style="opacity: 0.5">..</span><span style="opacity: 0.5">*</span></td><td style="vertical-align: top; text-align : left; background-color: white; border: 0px #F0F0F0 solid; padding:0px 4px 0px 4px" class="hierarchy"><a href="http://hl7.org/fhir/R4/extensibility.html#Extension">Extension</a></td><td style="vertical-align: top; text-align : left; background-color: white; border: 0px #F0F0F0 solid; padding:0px 4px 0px 4px" class="hierarchy">VaccinationDoseExtension<br/><span style="font-weight:bold">vp-vaccination-dose-extension-only-one-kind-invariant: </span>A vaccination dose can either be a single dose or a repeating dose.</td></tr>
<tr style="border: 0px #F0F0F0 solid; padding:0px; vertical-align: top; background-color: #F7F7F7"><td style="vertical-align: top; text-align : left; background-color: #F7F7F7; border: 0px #F0F0F0 solid; padding:0px 4px 0px 4px; white-space: nowrap; background-image: url(tbl_bck14.png)" class="hierarchy"><img src="tbl_spacer.png" alt="." style="background-color: inherit" class="hierarchy"/><img src="tbl_vjoin.png" alt="." style="background-color: inherit" class="hierarchy"/><img src="icon_slice_item.png" alt="." style="background-color: #F7F7F7; background-color: inherit" title="Slice Item" class="hierarchy"/> <a href="StructureDefinition-vp-vaccination-dose-extension-definitions.html#Extension.extension:singleDose" title="Extension URL = https://fhir-vaccination-pass.github.io/fhir-implementation-guide/StructureDefinition/vp-vaccination-dose-single-extension">vp-vaccination-dose-single-extension</a><a name="Extension.extension"> </a></td><td style="vertical-align: top; text-align : left; background-color: #F7F7F7; border: 0px #F0F0F0 solid; padding:0px 4px 0px 4px" class="hierarchy"><span style="padding-left: 3px; padding-right: 3px; color: white; background-color: red" title="This element must be supported">S</span></td><td style="vertical-align: top; text-align : left; background-color: #F7F7F7; border: 0px #F0F0F0 solid; padding:0px 4px 0px 4px" class="hierarchy">0..1</td><td style="vertical-align: top; text-align : left; background-color: #F7F7F7; border: 0px #F0F0F0 solid; padding:0px 4px 0px 4px" class="hierarchy"><a href="http://hl7.org/fhir/R4/datatypes.html#base64Binary">base64Binary</a>, <a href="http://hl7.org/fhir/R4/datatypes.html#boolean">boolean</a>, <a href="http://hl7.org/fhir/R4/references.html">canonical</a>(), <a href="http://hl7.org/fhir/R4/datatypes.html#code">code</a>, <a href="http://hl7.org/fhir/R4/datatypes.html#date">date</a>, <a href="http://hl7.org/fhir/R4/datatypes.html#dateTime">dateTime</a>, <a href="http://hl7.org/fhir/R4/datatypes.html#decimal">decimal</a>, <a href="http://hl7.org/fhir/R4/datatypes.html#id">id</a>, <a href="http://hl7.org/fhir/R4/datatypes.html#instant">instant</a>, <a href="http://hl7.org/fhir/R4/datatypes.html#integer">integer</a>, <a href="http://hl7.org/fhir/R4/datatypes.html#markdown">markdown</a>, <a href="http://hl7.org/fhir/R4/datatypes.html#oid">oid</a>, <a href="http://hl7.org/fhir/R4/datatypes.html#positiveInt">positiveInt</a>, <a href="http://hl7.org/fhir/R4/datatypes.html#string">string</a>, <a href="http://hl7.org/fhir/R4/datatypes.html#time">time</a>, <a href="http://hl7.org/fhir/R4/datatypes.html#unsignedInt">unsignedInt</a>, <a href="http://hl7.org/fhir/R4/datatypes.html#uri">uri</a>, <a href="http://hl7.org/fhir/R4/datatypes.html#url">url</a>, <a href="http://hl7.org/fhir/R4/datatypes.html#uuid">uuid</a>, <a href="http://hl7.org/fhir/R4/datatypes.html#Address">Address</a>, <a href="http://hl7.org/fhir/R4/datatypes.html#Age">Age</a>, <a href="http://hl7.org/fhir/R4/datatypes.html#Annotation">Annotation</a>, <a href="http://hl7.org/fhir/R4/datatypes.html#Attachment">Attachment</a>, <a href="http://hl7.org/fhir/R4/datatypes.html#CodeableConcept">CodeableConcept</a>, <a href="http://hl7.org/fhir/R4/datatypes.html#Coding">Coding</a>, <a href="http://hl7.org/fhir/R4/datatypes.html#ContactPoint">ContactPoint</a>, <a href="http://hl7.org/fhir/R4/datatypes.html#Count">Count</a>, <a href="http://hl7.org/fhir/R4/datatypes.html#Distance">Distance</a>, <a href="http://hl7.org/fhir/R4/datatypes.html#Duration">Duration</a>, <a href="http://hl7.org/fhir/R4/datatypes.html#HumanName">HumanName</a>, <a href="http://hl7.org/fhir/R4/datatypes.html#Identifier">Identifier</a>, <a href="http://hl7.org/fhir/R4/datatypes.html#Money">Money</a>, <a href="http://hl7.org/fhir/R4/datatypes.html#Period">Period</a>, <a href="http://hl7.org/fhir/R4/datatypes.html#Quantity">Quantity</a>, <a href="http://hl7.org/fhir/R4/datatypes.html#Range">Range</a>, <a href="http://hl7.org/fhir/R4/datatypes.html#Ratio">Ratio</a>, <a href="http://hl7.org/fhir/R4/references.html">Reference</a>(), <a href="http://hl7.org/fhir/R4/datatypes.html#SampledData">SampledData</a>, <a href="http://hl7.org/fhir/R4/datatypes.html#Signature">Signature</a>, <a href="http://hl7.org/fhir/R4/datatypes.html#Timing">Timing</a>, <a href="http://hl7.org/fhir/R4/metadatatypes.html#ContactDetail">ContactDetail</a>, <a href="http://hl7.org/fhir/R4/metadatatypes.html#Contributor">Contributor</a>, <a href="http://hl7.org/fhir/R4/metadatatypes.html#DataRequirement">DataRequirement</a>, <a href="http://hl7.org/fhir/R4/datatypes.html#Expression">Expression</a>, <a href="http://hl7.org/fhir/R4/metadatatypes.html#ParameterDefinition">ParameterDefinition</a>, <a href="http://hl7.org/fhir/R4/metadatatypes.html#RelatedArtifact">RelatedArtifact</a>, <a href="http://hl7.org/fhir/R4/metadatatypes.html#TriggerDefinition">TriggerDefinition</a>, <a href="http://hl7.org/fhir/R4/metadatatypes.html#UsageContext">UsageContext</a>, <a href="http://hl7.org/fhir/R4/datatypes.html#Dosage">Dosage</a>, <a href="http://hl7.org/fhir/R4/datatypes.html#Meta">Meta</a></td><td style="vertical-align: top; text-align : left; background-color: #F7F7F7; border: 0px #F0F0F0 solid; padding:0px 4px 0px 4px" class="hierarchy"><span style="opacity: 0.5">VaccinationDoseSingleExtension</span><br/><span style="font-weight:bold">URL: </span><a href="http://hl7.org/fhir/R4/StructureDefinition-vp-vaccination-dose-single-extension.html">https://fhir-vaccination-pass.github.io/fhir-implementation-guide/StructureDefinition/vp-vaccination-dose-single-extension</a></td></tr>
<tr style="border: 0px #F0F0F0 solid; padding:0px; vertical-align: top; background-color: white"><td style="vertical-align: top; text-align : left; background-color: white; border: 0px #F0F0F0 solid; padding:0px 4px 0px 4px; white-space: nowrap; background-image: url(tbl_bck14.png)" class="hierarchy"><img src="tbl_spacer.png" alt="." style="background-color: inherit" class="hierarchy"/><img src="tbl_vjoin.png" alt="." style="background-color: inherit" class="hierarchy"/><img src="icon_slice_item.png" alt="." style="background-color: white; background-color: inherit" title="Slice Item" class="hierarchy"/> <a href="StructureDefinition-vp-vaccination-dose-extension-definitions.html#Extension.extension:repeatingDose" title="Extension URL = https://fhir-vaccination-pass.github.io/fhir-implementation-guide/StructureDefinition/vp-vaccination-dose-repeating-extension">vp-vaccination-dose-repeating-extension</a><a name="Extension.extension"> </a></td><td style="vertical-align: top; text-align : left; background-color: white; border: 0px #F0F0F0 solid; padding:0px 4px 0px 4px" class="hierarchy"><span style="padding-left: 3px; padding-right: 3px; color: white; background-color: red" title="This element must be supported">S</span></td><td style="vertical-align: top; text-align : left; background-color: white; border: 0px #F0F0F0 solid; padding:0px 4px 0px 4px" class="hierarchy">0..1</td><td style="vertical-align: top; text-align : left; background-color: white; border: 0px #F0F0F0 solid; padding:0px 4px 0px 4px" class="hierarchy"><a href="http://hl7.org/fhir/R4/datatypes.html#base64Binary">base64Binary</a>, <a href="http://hl7.org/fhir/R4/datatypes.html#boolean">boolean</a>, <a href="http://hl7.org/fhir/R4/references.html">canonical</a>(), <a href="http://hl7.org/fhir/R4/datatypes.html#code">code</a>, <a href="http://hl7.org/fhir/R4/datatypes.html#date">date</a>, <a href="http://hl7.org/fhir/R4/datatypes.html#dateTime">dateTime</a>, <a href="http://hl7.org/fhir/R4/datatypes.html#decimal">decimal</a>, <a href="http://hl7.org/fhir/R4/datatypes.html#id">id</a>, <a href="http://hl7.org/fhir/R4/datatypes.html#instant">instant</a>, <a href="http://hl7.org/fhir/R4/datatypes.html#integer">integer</a>, <a href="http://hl7.org/fhir/R4/datatypes.html#markdown">markdown</a>, <a href="http://hl7.org/fhir/R4/datatypes.html#oid">oid</a>, <a href="http://hl7.org/fhir/R4/datatypes.html#positiveInt">positiveInt</a>, <a href="http://hl7.org/fhir/R4/datatypes.html#string">string</a>, <a href="http://hl7.org/fhir/R4/datatypes.html#time">time</a>, <a href="http://hl7.org/fhir/R4/datatypes.html#unsignedInt">unsignedInt</a>, <a href="http://hl7.org/fhir/R4/datatypes.html#uri">uri</a>, <a href="http://hl7.org/fhir/R4/datatypes.html#url">url</a>, <a href="http://hl7.org/fhir/R4/datatypes.html#uuid">uuid</a>, <a href="http://hl7.org/fhir/R4/datatypes.html#Address">Address</a>, <a href="http://hl7.org/fhir/R4/datatypes.html#Age">Age</a>, <a href="http://hl7.org/fhir/R4/datatypes.html#Annotation">Annotation</a>, <a href="http://hl7.org/fhir/R4/datatypes.html#Attachment">Attachment</a>, <a href="http://hl7.org/fhir/R4/datatypes.html#CodeableConcept">CodeableConcept</a>, <a href="http://hl7.org/fhir/R4/datatypes.html#Coding">Coding</a>, <a href="http://hl7.org/fhir/R4/datatypes.html#ContactPoint">ContactPoint</a>, <a href="http://hl7.org/fhir/R4/datatypes.html#Count">Count</a>, <a href="http://hl7.org/fhir/R4/datatypes.html#Distance">Distance</a>, <a href="http://hl7.org/fhir/R4/datatypes.html#Duration">Duration</a>, <a href="http://hl7.org/fhir/R4/datatypes.html#HumanName">HumanName</a>, <a href="http://hl7.org/fhir/R4/datatypes.html#Identifier">Identifier</a>, <a href="http://hl7.org/fhir/R4/datatypes.html#Money">Money</a>, <a href="http://hl7.org/fhir/R4/datatypes.html#Period">Period</a>, <a href="http://hl7.org/fhir/R4/datatypes.html#Quantity">Quantity</a>, <a href="http://hl7.org/fhir/R4/datatypes.html#Range">Range</a>, <a href="http://hl7.org/fhir/R4/datatypes.html#Ratio">Ratio</a>, <a href="http://hl7.org/fhir/R4/references.html">Reference</a>(), <a href="http://hl7.org/fhir/R4/datatypes.html#SampledData">SampledData</a>, <a href="http://hl7.org/fhir/R4/datatypes.html#Signature">Signature</a>, <a href="http://hl7.org/fhir/R4/datatypes.html#Timing">Timing</a>, <a href="http://hl7.org/fhir/R4/metadatatypes.html#ContactDetail">ContactDetail</a>, <a href="http://hl7.org/fhir/R4/metadatatypes.html#Contributor">Contributor</a>, <a href="http://hl7.org/fhir/R4/metadatatypes.html#DataRequirement">DataRequirement</a>, <a href="http://hl7.org/fhir/R4/datatypes.html#Expression">Expression</a>, <a href="http://hl7.org/fhir/R4/metadatatypes.html#ParameterDefinition">ParameterDefinition</a>, <a href="http://hl7.org/fhir/R4/metadatatypes.html#RelatedArtifact">RelatedArtifact</a>, <a href="http://hl7.org/fhir/R4/metadatatypes.html#TriggerDefinition">TriggerDefinition</a>, <a href="http://hl7.org/fhir/R4/metadatatypes.html#UsageContext">UsageContext</a>, <a href="http://hl7.org/fhir/R4/datatypes.html#Dosage">Dosage</a>, <a href="http://hl7.org/fhir/R4/datatypes.html#Meta">Meta</a></td><td style="vertical-align: top; text-align : left; background-color: white; border: 0px #F0F0F0 solid; padding:0px 4px 0px 4px" class="hierarchy"><span style="opacity: 0.5">VaccinationDoseRepeatingExtension</span><br/><span style="font-weight:bold">URL: </span><a href="http://hl7.org/fhir/R4/StructureDefinition-vp-vaccination-dose-repeating-extension.html">https://fhir-vaccination-pass.github.io/fhir-implementation-guide/StructureDefinition/vp-vaccination-dose-repeating-extension</a></td></tr>
<tr style="border: 0px #F0F0F0 solid; padding:0px; vertical-align: top; background-color: #F7F7F7"><td style="vertical-align: top; text-align : left; background-color: #F7F7F7; border: 0px #F0F0F0 solid; padding:0px 4px 0px 4px; white-space: nowrap; background-image: url(tbl_bck10.png)" class="hierarchy"><img src="tbl_spacer.png" alt="." style="background-color: inherit" class="hierarchy"/><img src="tbl_vjoin.png" alt="." style="background-color: inherit" class="hierarchy"/><img src="icon_element.gif" alt="." style="background-color: #F7F7F7; background-color: inherit" title="Element" class="hierarchy"/> <a href="StructureDefinition-vp-vaccination-dose-extension-definitions.html#Extension.url">url</a><a name="Extension.url"> </a></td><td style="vertical-align: top; text-align : left; background-color: #F7F7F7; border: 0px #F0F0F0 solid; padding:0px 4px 0px 4px" class="hierarchy"/><td style="vertical-align: top; text-align : left; background-color: #F7F7F7; border: 0px #F0F0F0 solid; padding:0px 4px 0px 4px" class="hierarchy"><span style="opacity: 0.5">1</span><span style="opacity: 0.5">..</span><span style="opacity: 0.5">1</span></td><td style="vertical-align: top; text-align : left; background-color: #F7F7F7; border: 0px #F0F0F0 solid; padding:0px 4px 0px 4px" class="hierarchy"><a style="opacity: 0.5" href="http://hl7.org/fhir/R4/datatypes.html#uri">uri</a></td><td style="vertical-align: top; text-align : left; background-color: #F7F7F7; border: 0px #F0F0F0 solid; padding:0px 4px 0px 4px" class="hierarchy"><span style="color: darkgreen">&quot;https://fhir-vaccination-pass.github.io/fhir-implementation-guide/StructureDefinition/vp-vaccination-dose-extension&quot;</span></td></tr>
<tr style="border: 0px #F0F0F0 solid; padding:0px; vertical-align: top; background-color: white"><td style="vertical-align: top; text-align : left; background-color: white; border: 0px #F0F0F0 solid; padding:0px 4px 0px 4px; white-space: nowrap; background-image: url(tbl_bck00.png)" class="hierarchy"><img src="tbl_spacer.png" alt="." style="background-color: inherit" class="hierarchy"/><img src="tbl_vjoin_end.png" alt="." style="background-color: inherit" class="hierarchy"/><img src="icon_element.gif" alt="." style="background-color: white; background-color: inherit" title="Element" class="hierarchy"/> <span style="text-decoration:line-through">value[x]</span><a name="Extension.value_x_"> </a></td><td style="vertical-align: top; text-align : left; background-color: white; border: 0px #F0F0F0 solid; padding:0px 4px 0px 4px" class="hierarchy"/><td style="vertical-align: top; text-align : left; background-color: white; border: 0px #F0F0F0 solid; padding:0px 4px 0px 4px" class="hierarchy"><span style="text-decoration:line-through"/><span style="text-decoration:line-through">0</span><span style="text-decoration:line-through">..</span><span style="text-decoration:line-through">0</span></td><td style="vertical-align: top; text-align : left; background-color: white; border: 0px #F0F0F0 solid; padding:0px 4px 0px 4px" class="hierarchy"/><td style="vertical-align: top; text-align : left; background-color: white; border: 0px #F0F0F0 solid; padding:0px 4px 0px 4px" class="hierarchy"/></tr>
<tr><td colspan="5" class="hierarchy"><br/><a href="http://hl7.org/fhir/R4/formats.html#table" title="Legend for this format"><img src="http://hl7.org/fhir/R4/help16.png" alt="doco" style="background-color: inherit"/> Documentation for this format</a></td></tr></table></div>
  </text>
  <url value="https://fhir-vaccination-pass.github.io/fhir-implementation-guide/StructureDefinition/vp-vaccination-dose-extension"/>
  <version value="0.1.0"/>
  <name value="VPVaccinationDoseExtension"/>
  <title value="VaccinationDoseExtension"/>
  <status value="active"/>
  <date value="2022-07-17T16:31:22+00:00"/>
  <publisher value="Example Publisher"/>
  <contact>
    <name value="Example Publisher"/>
    <telecom>
      <system value="url"/>
      <value value="http://example.org/example-publisher"/>
    </telecom>
  </contact>
  <fhirVersion value="4.0.1"/>
  <mapping>
    <identity value="rim"/>
    <uri value="http://hl7.org/v3"/>
    <name value="RIM Mapping"/>
  </mapping>
  <kind value="complex-type"/>
  <abstract value="false"/>
  <context>
    <type value="element"/>
    <expression value="Element"/>
  </context>
  <type value="Extension"/>
  <baseDefinition value="http://hl7.org/fhir/StructureDefinition/Extension"/>
  <derivation value="constraint"/>
  <snapshot>
    <element id="Extension">
      <path value="Extension"/>
      <short value="VaccinationDoseExtension"/>
      <definition value="An Extension"/>
      <min value="0"/>
      <max value="*"/>
      <base>
        <path value="Extension"/>
        <min value="0"/>
        <max value="*"/>
      </base>
      <condition value="ele-1"/>
      <constraint>
        <key value="ele-1"/>
        <severity value="error"/>
        <human value="All FHIR elements must have a @value or children"/>
        <expression value="hasValue() or (children().count() &gt; id.count())"/>
        <xpath value="@value|f:*|h:div"/>
        <source value="http://hl7.org/fhir/StructureDefinition/Element"/>
      </constraint>
      <constraint>
        <key value="ext-1"/>
        <severity value="error"/>
        <human value="Must have either extensions or value[x], not both"/>
        <expression value="extension.exists() != value.exists()"/>
        <xpath value="exists(f:extension)!=exists(f:*[starts-with(local-name(.), 'value')])"/>
        <source value="http://hl7.org/fhir/StructureDefinition/Extension"/>
      </constraint>
      <constraint>
        <key value="vp-vaccination-dose-extension-only-one-kind-invariant"/>
        <severity value="error"/>
        <human value="A vaccination dose can either be a single dose or a repeating dose."/>
        <expression value="extension('singleDose').exists() != extension('repeatingDose').exists()"/>
        <source value="https://fhir-vaccination-pass.github.io/fhir-implementation-guide/StructureDefinition/vp-vaccination-dose-extension"/>
      </constraint>
      <isModifier value="false"/>
    </element>
    <element id="Extension.id">
      <path value="Extension.id"/>
      <representation value="xmlAttr"/>
      <short value="Unique id for inter-element referencing"/>
      <definition value="Unique id for the element within a resource (for internal references). This may be any string value that does not contain spaces."/>
      <min value="0"/>
      <max value="1"/>
      <base>
        <path value="Element.id"/>
        <min value="0"/>
        <max value="1"/>
      </base>
      <type>
        <extension url="http://hl7.org/fhir/StructureDefinition/structuredefinition-fhir-type">
          <valueUrl value="string"/>
        </extension>
        <code value="http://hl7.org/fhirpath/System.String"/>
      </type>
      <isModifier value="false"/>
      <isSummary value="false"/>
      <mapping>
        <identity value="rim"/>
        <map value="n/a"/>
      </mapping>
    </element>
    <element id="Extension.extension">
      <path value="Extension.extension"/>
      <slicing>
        <discriminator>
          <type value="value"/>
          <path value="url"/>
        </discriminator>
        <description value="Extensions are always sliced by (at least) url"/>
        <rules value="open"/>
      </slicing>
      <short value="Additional content defined by implementations"/>
      <definition value="May be used to represent additional information that is not part of the basic definition of the element. To make the use of extensions safe and manageable, there is a strict set of governance  applied to the definition and use of extensions. Though any implementer can define an extension, there is a set of requirements that SHALL be met as part of the definition of the extension."/>
      <comment value="There can be no stigma associated with the use of extensions by any application, project, or standard - regardless of the institution or jurisdiction that uses or defines the extensions.  The use of extensions is what allows the FHIR specification to retain a core level of simplicity for everyone."/>
      <alias value="extensions"/>
      <alias value="user content"/>
      <min value="0"/>
      <max value="*"/>
      <base>
        <path value="Element.extension"/>
        <min value="0"/>
        <max value="*"/>
      </base>
      <type>
        <code value="Extension"/>
      </type>
      <constraint>
        <key value="ele-1"/>
        <severity value="error"/>
        <human value="All FHIR elements must have a @value or children"/>
        <expression value="hasValue() or (children().count() &gt; id.count())"/>
        <xpath value="@value|f:*|h:div"/>
        <source value="http://hl7.org/fhir/StructureDefinition/Element"/>
      </constraint>
      <constraint>
        <key value="ext-1"/>
        <severity value="error"/>
        <human value="Must have either extensions or value[x], not both"/>
        <expression value="extension.exists() != value.exists()"/>
        <xpath value="exists(f:extension)!=exists(f:*[starts-with(local-name(.), &quot;value&quot;)])"/>
        <source value="http://hl7.org/fhir/StructureDefinition/Extension"/>
      </constraint>
      <isModifier value="false"/>
      <isSummary value="false"/>
      <mapping>
        <identity value="rim"/>
        <map value="n/a"/>
      </mapping>
    </element>
    <element id="Extension.extension:singleDose">
      <path value="Extension.extension"/>
      <sliceName value="singleDose"/>
      <short value="VaccinationDoseSingleExtension"/>
      <definition value="An Extension"/>
      <min value="0"/>
      <max value="1"/>
      <base>
        <path value="Element.extension"/>
        <min value="0"/>
        <max value="*"/>
      </base>
      <type>
        <code value="Extension"/>
        <profile value="https://fhir-vaccination-pass.github.io/fhir-implementation-guide/StructureDefinition/vp-vaccination-dose-single-extension"/>
      </type>
      <constraint>
        <key value="ele-1"/>
        <severity value="error"/>
        <human value="All FHIR elements must have a @value or children"/>
        <expression value="hasValue() or (children().count() &gt; id.count())"/>
        <xpath value="@value|f:*|h:div"/>
        <source value="http://hl7.org/fhir/StructureDefinition/Element"/>
      </constraint>
      <constraint>
        <key value="ext-1"/>
        <severity value="error"/>
        <human value="Must have either extensions or value[x], not both"/>
        <expression value="extension.exists() != value.exists()"/>
        <xpath value="exists(f:extension)!=exists(f:*[starts-with(local-name(.), &quot;value&quot;)])"/>
        <source value="http://hl7.org/fhir/StructureDefinition/Extension"/>
      </constraint>
      <mustSupport value="true"/>
      <isModifier value="false"/>
      <isSummary value="false"/>
    </element>
    <element id="Extension.extension:repeatingDose">
      <path value="Extension.extension"/>
      <sliceName value="repeatingDose"/>
      <short value="VaccinationDoseRepeatingExtension"/>
      <definition value="An Extension"/>
      <min value="0"/>
      <max value="1"/>
      <base>
        <path value="Element.extension"/>
        <min value="0"/>
        <max value="*"/>
      </base>
      <type>
        <code value="Extension"/>
        <profile value="https://fhir-vaccination-pass.github.io/fhir-implementation-guide/StructureDefinition/vp-vaccination-dose-repeating-extension"/>
      </type>
      <constraint>
        <key value="ele-1"/>
        <severity value="error"/>
        <human value="All FHIR elements must have a @value or children"/>
        <expression value="hasValue() or (children().count() &gt; id.count())"/>
        <xpath value="@value|f:*|h:div"/>
        <source value="http://hl7.org/fhir/StructureDefinition/Element"/>
      </constraint>
      <constraint>
        <key value="ext-1"/>
        <severity value="error"/>
        <human value="Must have either extensions or value[x], not both"/>
        <expression value="extension.exists() != value.exists()"/>
        <xpath value="exists(f:extension)!=exists(f:*[starts-with(local-name(.), &quot;value&quot;)])"/>
        <source value="http://hl7.org/fhir/StructureDefinition/Extension"/>
      </constraint>
      <mustSupport value="true"/>
      <isModifier value="false"/>
      <isSummary value="false"/>
    </element>
    <element id="Extension.url">
      <path value="Extension.url"/>
      <representation value="xmlAttr"/>
      <short value="identifies the meaning of the extension"/>
      <definition value="Source of the definition for the extension code - a logical name or a URL."/>
      <comment value="The definition may point directly to a computable or human-readable definition of the extensibility codes, or it may be a logical URI as declared in some other specification. The definition SHALL be a URI for the Structure Definition defining the extension."/>
      <min value="1"/>
      <max value="1"/>
      <base>
        <path value="Extension.url"/>
        <min value="1"/>
        <max value="1"/>
      </base>
      <type>
        <extension url="http://hl7.org/fhir/StructureDefinition/structuredefinition-fhir-type">
          <valueUrl value="uri"/>
        </extension>
        <code value="http://hl7.org/fhirpath/System.String"/>
      </type>
      <fixedUri value="https://fhir-vaccination-pass.github.io/fhir-implementation-guide/StructureDefinition/vp-vaccination-dose-extension"/>
      <isModifier value="false"/>
      <isSummary value="false"/>
      <mapping>
        <identity value="rim"/>
        <map value="N/A"/>
      </mapping>
    </element>
    <element id="Extension.value[x]">
      <path value="Extension.value[x]"/>
      <short value="Value of extension"/>
      <definition value="Value of extension - must be one of a constrained set of the data types (see [Extensibility](http://hl7.org/fhir/R4/extensibility.html) for a list)."/>
      <min value="0"/>
      <max value="0"/>
      <base>
        <path value="Extension.value[x]"/>
        <min value="0"/>
        <max value="1"/>
      </base>
      <type>
        <code value="base64Binary"/>
      </type>
      <type>
        <code value="boolean"/>
      </type>
      <type>
        <code value="canonical"/>
      </type>
      <type>
        <code value="code"/>
      </type>
      <type>
        <code value="date"/>
      </type>
      <type>
        <code value="dateTime"/>
      </type>
      <type>
        <code value="decimal"/>
      </type>
      <type>
        <code value="id"/>
      </type>
      <type>
        <code value="instant"/>
      </type>
      <type>
        <code value="integer"/>
      </type>
      <type>
        <code value="markdown"/>
      </type>
      <type>
        <code value="oid"/>
      </type>
      <type>
        <code value="positiveInt"/>
      </type>
      <type>
        <code value="string"/>
      </type>
      <type>
        <code value="time"/>
      </type>
      <type>
        <code value="unsignedInt"/>
      </type>
      <type>
        <code value="uri"/>
      </type>
      <type>
        <code value="url"/>
      </type>
      <type>
        <code value="uuid"/>
      </type>
      <type>
        <code value="Address"/>
      </type>
      <type>
        <code value="Age"/>
      </type>
      <type>
        <code value="Annotation"/>
      </type>
      <type>
        <code value="Attachment"/>
      </type>
      <type>
        <code value="CodeableConcept"/>
      </type>
      <type>
        <code value="Coding"/>
      </type>
      <type>
        <code value="ContactPoint"/>
      </type>
      <type>
        <code value="Count"/>
      </type>
      <type>
        <code value="Distance"/>
      </type>
      <type>
        <code value="Duration"/>
      </type>
      <type>
        <code value="HumanName"/>
      </type>
      <type>
        <code value="Identifier"/>
      </type>
      <type>
        <code value="Money"/>
      </type>
      <type>
        <code value="Period"/>
      </type>
      <type>
        <code value="Quantity"/>
      </type>
      <type>
        <code value="Range"/>
      </type>
      <type>
        <code value="Ratio"/>
      </type>
      <type>
        <code value="Reference"/>
      </type>
      <type>
        <code value="SampledData"/>
      </type>
      <type>
        <code value="Signature"/>
      </type>
      <type>
        <code value="Timing"/>
      </type>
      <type>
        <code value="ContactDetail"/>
      </type>
      <type>
        <code value="Contributor"/>
      </type>
      <type>
        <code value="DataRequirement"/>
      </type>
      <type>
        <code value="Expression"/>
      </type>
      <type>
        <code value="ParameterDefinition"/>
      </type>
      <type>
        <code value="RelatedArtifact"/>
      </type>
      <type>
        <code value="TriggerDefinition"/>
      </type>
      <type>
        <code value="UsageContext"/>
      </type>
      <type>
        <code value="Dosage"/>
      </type>
      <type>
        <code value="Meta"/>
      </type>
      <constraint>
        <key value="ele-1"/>
        <severity value="error"/>
        <human value="All FHIR elements must have a @value or children"/>
        <expression value="hasValue() or (children().count() &gt; id.count())"/>
        <xpath value="@value|f:*|h:div"/>
        <source value="http://hl7.org/fhir/StructureDefinition/Element"/>
      </constraint>
      <isModifier value="false"/>
      <isSummary value="false"/>
      <mapping>
        <identity value="rim"/>
        <map value="N/A"/>
      </mapping>
    </element>
  </snapshot>
  <differential>
    <element id="Extension">
      <path value="Extension"/>
      <short value="VaccinationDoseExtension"/>
      <constraint>
        <key value="vp-vaccination-dose-extension-only-one-kind-invariant"/>
        <severity value="error"/>
        <human value="A vaccination dose can either be a single dose or a repeating dose."/>
        <expression value="extension('singleDose').exists() != extension('repeatingDose').exists()"/>
        <source value="https://fhir-vaccination-pass.github.io/fhir-implementation-guide/StructureDefinition/vp-vaccination-dose-extension"/>
      </constraint>
    </element>
    <element id="Extension.extension:singleDose">
      <path value="Extension.extension"/>
      <sliceName value="singleDose"/>
      <min value="0"/>
      <max value="1"/>
      <type>
        <code value="Extension"/>
        <profile value="https://fhir-vaccination-pass.github.io/fhir-implementation-guide/StructureDefinition/vp-vaccination-dose-single-extension"/>
      </type>
      <mustSupport value="true"/>
    </element>
    <element id="Extension.extension:repeatingDose">
      <path value="Extension.extension"/>
      <sliceName value="repeatingDose"/>
      <min value="0"/>
      <max value="1"/>
      <type>
        <code value="Extension"/>
        <profile value="https://fhir-vaccination-pass.github.io/fhir-implementation-guide/StructureDefinition/vp-vaccination-dose-repeating-extension"/>
      </type>
      <mustSupport value="true"/>
    </element>
    <element id="Extension.url">
      <path value="Extension.url"/>
      <fixedUri value="https://fhir-vaccination-pass.github.io/fhir-implementation-guide/StructureDefinition/vp-vaccination-dose-extension"/>
    </element>
    <element id="Extension.value[x]">
      <path value="Extension.value[x]"/>
      <max value="0"/>
    </element>
  </differential>
</StructureDefinition>