{
  "package": "com.github.fhirvaccinationpass.ig",
  "version": "0.1.0",
  "fhirVersion": "4.0.1",
  "extensions": [
    {
      "url": "https://fhir-vaccination-pass.github.io/fhir-implementation-guide/StructureDefinition/vp-active-vaccination-scheme-extension",
      "title": "ActiveVaccinationSchemeExtension",
      "types": [
        "Reference",
        "Reference",
        "markdown",
        "base64Binary",
        "boolean",
        "canonical",
        "code",
        "date",
        "dateTime",
        "decimal",
        "id",
        "instant",
        "integer",
        "markdown",
        "oid",
        "positiveInt",
        "string",
        "time",
        "unsignedInt",
        "uri",
        "url",
        "uuid",
        "Address",
        "Age",
        "Annotation",
        "Attachment",
        "CodeableConcept",
        "Coding",
        "ContactPoint",
        "Count",
        "Distance",
        "Duration",
        "HumanName",
        "Identifier",
        "Money",
        "Period",
        "Quantity",
        "Range",
        "Ratio",
        "Reference",
        "SampledData",
        "Signature",
        "Timing",
        "ContactDetail",
        "Contributor",
        "DataRequirement",
        "Expression",
        "ParameterDefinition",
        "RelatedArtifact",
        "TriggerDefinition",
        "UsageContext",
        "Dosage",
        "Meta"
      ]
    },
    {
      "url": "https://fhir-vaccination-pass.github.io/fhir-implementation-guide/StructureDefinition/vp-administered-vaccination-dose",
      "title": "VPAdministeredVaccinationDose",
      "types": [
        "Reference"
      ]
    },
    {
      "url": "https://fhir-vaccination-pass.github.io/fhir-implementation-guide/StructureDefinition/vp-country-code-extension",
      "title": "CountryCodeExtension",
      "types": [
        "CodeableConcept",
        "string",
        "Extension",
        "Coding",
        "string",
        "Extension",
        "uri",
        "string",
        "code",
        "string",
        "boolean",
        "string"
      ]
    },
    {
      "url": "https://fhir-vaccination-pass.github.io/fhir-implementation-guide/StructureDefinition/vp-fulfilling-immunization",
      "title": "FulfillingImmunization",
      "types": [
        "Reference"
      ]
    },
    {
      "url": "https://fhir-vaccination-pass.github.io/fhir-implementation-guide/StructureDefinition/vp-immunization-recommendation-is-deactivated",
      "title": "VPImmunizationRecommendationIsDeactivated",
      "types": [
        "boolean"
      ]
    },
    {
      "url": "https://fhir-vaccination-pass.github.io/fhir-implementation-guide/StructureDefinition/vp-location-extension",
      "title": "LocationExtension",
      "types": [
        "base64Binary",
        "boolean",
        "canonical",
        "code",
        "date",
        "dateTime",
        "decimal",
        "id",
        "instant",
        "integer",
        "markdown",
        "oid",
        "positiveInt",
        "string",
        "time",
        "unsignedInt",
        "uri",
        "url",
        "uuid",
        "Address",
        "Age",
        "Annotation",
        "Attachment",
        "CodeableConcept",
        "Coding",
        "ContactPoint",
        "Count",
        "Distance",
        "Duration",
        "HumanName",
        "Identifier",
        "Money",
        "Period",
        "Quantity",
        "Range",
        "Ratio",
        "Reference",
        "SampledData",
        "Signature",
        "Timing",
        "ContactDetail",
        "Contributor",
        "DataRequirement",
        "Expression",
        "ParameterDefinition",
        "RelatedArtifact",
        "TriggerDefinition",
        "UsageContext",
        "Dosage",
        "Meta"
      ]
    },
    {
      "url": "https://fhir-vaccination-pass.github.io/fhir-implementation-guide/StructureDefinition/vp-medication-target-disease",
      "title": "VPMedicationTargetDisease",
      "types": [
        "CodeableConcept",
        "string",
        "Extension",
        "Coding",
        "string",
        "Extension",
        "uri",
        "string",
        "code",
        "string",
        "boolean",
        "string"
      ]
    },
    {
      "url": "https://fhir-vaccination-pass.github.io/fhir-implementation-guide/StructureDefinition/vp-medication-trade-name",
      "title": "MedicationTradeName",
      "types": [
        "string"
      ]
    },
    {
      "url": "https://fhir-vaccination-pass.github.io/fhir-implementation-guide/StructureDefinition/vp-patient-is-pregnant-extension",
      "title": "VPPatientIsPregnantExtension",
      "types": [
        "boolean"
      ]
    },
    {
      "url": "https://fhir-vaccination-pass.github.io/fhir-implementation-guide/StructureDefinition/vp-patient-keycloak-username-extension",
      "title": "VPPatientKeycloakUsernameExtension",
      "types": [
        "string"
      ]
    },
    {
      "url": "https://fhir-vaccination-pass.github.io/fhir-implementation-guide/StructureDefinition/vp-population-recommendation-extension",
      "title": "PopulationRecommendationExtension",
      "types": [
        "CodeableConcept",
        "string",
        "Extension",
        "Coding",
        "string",
        "Extension",
        "uri",
        "string",
        "code",
        "string",
        "boolean",
        "string",
        "Quantity",
        "string",
        "Extension",
        "decimal",
        "code",
        "string",
        "uri",
        "code",
        "Quantity",
        "string",
        "Extension",
        "decimal",
        "code",
        "string",
        "uri",
        "code",
        "base64Binary",
        "boolean",
        "canonical",
        "code",
        "date",
        "dateTime",
        "decimal",
        "id",
        "instant",
        "integer",
        "markdown",
        "oid",
        "positiveInt",
        "string",
        "time",
        "unsignedInt",
        "uri",
        "url",
        "uuid",
        "Address",
        "Age",
        "Annotation",
        "Attachment",
        "CodeableConcept",
        "Coding",
        "ContactPoint",
        "Count",
        "Distance",
        "Duration",
        "HumanName",
        "Identifier",
        "Money",
        "Period",
        "Quantity",
        "Range",
        "Ratio",
        "Reference",
        "SampledData",
        "Signature",
        "Timing",
        "ContactDetail",
        "Contributor",
        "DataRequirement",
        "Expression",
        "ParameterDefinition",
        "RelatedArtifact",
        "TriggerDefinition",
        "UsageContext",
        "Dosage",
        "Meta"
      ]
    },
    {
      "url": "https://fhir-vaccination-pass.github.io/fhir-implementation-guide/StructureDefinition/vp-recommended-vaccination-dose",
      "title": "VPRecommendedVaccinationDose",
      "types": [
        "Reference"
      ]
    },
    {
      "url": "https://fhir-vaccination-pass.github.io/fhir-implementation-guide/StructureDefinition/vp-state-code-extension",
      "title": "StateCodeExtension",
      "types": [
        "CodeableConcept",
        "string",
        "Extension",
        "Coding",
        "string",
        "Extension",
        "uri",
        "string",
        "code",
        "string",
        "boolean",
        "string"
      ]
    },
    {
      "url": "https://fhir-vaccination-pass.github.io/fhir-implementation-guide/StructureDefinition/vp-supporting-population-recommendation",
      "title": "SupportingPopulationRecommendation",
      "types": [
        "Reference"
      ]
    },
    {
      "url": "https://fhir-vaccination-pass.github.io/fhir-implementation-guide/StructureDefinition/vp-target-disease-extension",
      "title": "TargetDiseaseExtension",
      "types": [
        "CodeableConcept",
        "string",
        "Extension",
        "Coding",
        "string",
        "Extension",
        "uri",
        "string",
        "code",
        "string",
        "boolean",
        "string",
        "string",
        "markdown",
        "base64Binary",
        "boolean",
        "canonical",
        "code",
        "date",
        "dateTime",
        "decimal",
        "id",
        "instant",
        "integer",
        "markdown",
        "oid",
        "positiveInt",
        "string",
        "time",
        "unsignedInt",
        "uri",
        "url",
        "uuid",
        "Address",
        "Age",
        "Annotation",
        "Attachment",
        "CodeableConcept",
        "Coding",
        "ContactPoint",
        "Count",
        "Distance",
        "Duration",
        "HumanName",
        "Identifier",
        "Money",
        "Period",
        "Quantity",
        "Range",
        "Ratio",
        "Reference",
        "SampledData",
        "Signature",
        "Timing",
        "ContactDetail",
        "Contributor",
        "DataRequirement",
        "Expression",
        "ParameterDefinition",
        "RelatedArtifact",
        "TriggerDefinition",
        "UsageContext",
        "Dosage",
        "Meta"
      ]
    },
    {
      "url": "https://fhir-vaccination-pass.github.io/fhir-implementation-guide/StructureDefinition/vp-vacation-plan-extension",
      "title": "VacationPlanExtension",
      "types": [
        "date",
        "Reference",
        "base64Binary",
        "boolean",
        "canonical",
        "code",
        "date",
        "dateTime",
        "decimal",
        "id",
        "instant",
        "integer",
        "markdown",
        "oid",
        "positiveInt",
        "string",
        "time",
        "unsignedInt",
        "uri",
        "url",
        "uuid",
        "Address",
        "Age",
        "Annotation",
        "Attachment",
        "CodeableConcept",
        "Coding",
        "ContactPoint",
        "Count",
        "Distance",
        "Duration",
        "HumanName",
        "Identifier",
        "Money",
        "Period",
        "Quantity",
        "Range",
        "Ratio",
        "Reference",
        "SampledData",
        "Signature",
        "Timing",
        "ContactDetail",
        "Contributor",
        "DataRequirement",
        "Expression",
        "ParameterDefinition",
        "RelatedArtifact",
        "TriggerDefinition",
        "UsageContext",
        "Dosage",
        "Meta"
      ]
    },
    {
      "url": "https://fhir-vaccination-pass.github.io/fhir-implementation-guide/StructureDefinition/vp-vaccination-dose-extension",
      "title": "VaccinationDoseExtension",
      "types": [
        "base64Binary",
        "boolean",
        "canonical",
        "code",
        "date",
        "dateTime",
        "decimal",
        "id",
        "instant",
        "integer",
        "markdown",
        "oid",
        "positiveInt",
        "string",
        "time",
        "unsignedInt",
        "uri",
        "url",
        "uuid",
        "Address",
        "Age",
        "Annotation",
        "Attachment",
        "CodeableConcept",
        "Coding",
        "ContactPoint",
        "Count",
        "Distance",
        "Duration",
        "HumanName",
        "Identifier",
        "Money",
        "Period",
        "Quantity",
        "Range",
        "Ratio",
        "Reference",
        "SampledData",
        "Signature",
        "Timing",
        "ContactDetail",
        "Contributor",
        "DataRequirement",
        "Expression",
        "ParameterDefinition",
        "RelatedArtifact",
        "TriggerDefinition",
        "UsageContext",
        "Dosage",
        "Meta"
      ]
    },
    {
      "url": "https://fhir-vaccination-pass.github.io/fhir-implementation-guide/StructureDefinition/vp-vaccination-dose-repeating-extension",
      "title": "VaccinationDoseRepeatingExtension",
      "types": [
        "base64Binary",
        "boolean",
        "canonical",
        "code",
        "date",
        "dateTime",
        "decimal",
        "id",
        "instant",
        "integer",
        "markdown",
        "oid",
        "positiveInt",
        "string",
        "time",
        "unsignedInt",
        "uri",
        "url",
        "uuid",
        "Address",
        "Age",
        "Annotation",
        "Attachment",
        "CodeableConcept",
        "Coding",
        "ContactPoint",
        "Count",
        "Distance",
        "Duration",
        "HumanName",
        "Identifier",
        "Money",
        "Period",
        "Quantity",
        "Range",
        "Ratio",
        "Reference",
        "SampledData",
        "Signature",
        "Timing",
        "ContactDetail",
        "Contributor",
        "DataRequirement",
        "Expression",
        "ParameterDefinition",
        "RelatedArtifact",
        "TriggerDefinition",
        "UsageContext",
        "Dosage",
        "Meta"
      ]
    },
    {
      "url": "https://fhir-vaccination-pass.github.io/fhir-implementation-guide/StructureDefinition/vp-vaccination-dose-single-extension",
      "title": "VaccinationDoseSingleExtension",
      "types": [
        "base64Binary",
        "boolean",
        "canonical",
        "code",
        "date",
        "dateTime",
        "decimal",
        "id",
        "instant",
        "integer",
        "markdown",
        "oid",
        "positiveInt",
        "string",
        "time",
        "unsignedInt",
        "uri",
        "url",
        "uuid",
        "Address",
        "Age",
        "Annotation",
        "Attachment",
        "CodeableConcept",
        "Coding",
        "ContactPoint",
        "Count",
        "Distance",
        "Duration",
        "HumanName",
        "Identifier",
        "Money",
        "Period",
        "Quantity",
        "Range",
        "Ratio",
        "Reference",
        "SampledData",
        "Signature",
        "Timing",
        "ContactDetail",
        "Contributor",
        "DataRequirement",
        "Expression",
        "ParameterDefinition",
        "RelatedArtifact",
        "TriggerDefinition",
        "UsageContext",
        "Dosage",
        "Meta"
      ]
    },
    {
      "url": "https://fhir-vaccination-pass.github.io/fhir-implementation-guide/StructureDefinition/vp-vaccination-scheme-extension",
      "title": "VaccinationSchemeExtension",
      "types": [
        "string",
        "string",
        "boolean",
        "Quantity",
        "string",
        "Extension",
        "decimal",
        "code",
        "string",
        "uri",
        "code",
        "Quantity",
        "string",
        "Extension",
        "decimal",
        "code",
        "string",
        "uri",
        "code",
        "Reference",
        "base64Binary",
        "boolean",
        "canonical",
        "code",
        "date",
        "dateTime",
        "decimal",
        "id",
        "instant",
        "integer",
        "markdown",
        "oid",
        "positiveInt",
        "string",
        "time",
        "unsignedInt",
        "uri",
        "url",
        "uuid",
        "Address",
        "Age",
        "Annotation",
        "Attachment",
        "CodeableConcept",
        "Coding",
        "ContactPoint",
        "Count",
        "Distance",
        "Duration",
        "HumanName",
        "Identifier",
        "Money",
        "Period",
        "Quantity",
        "Range",
        "Ratio",
        "Reference",
        "SampledData",
        "Signature",
        "Timing",
        "ContactDetail",
        "Contributor",
        "DataRequirement",
        "Expression",
        "ParameterDefinition",
        "RelatedArtifact",
        "TriggerDefinition",
        "UsageContext",
        "Dosage",
        "Meta"
      ]
    }
  ],
  "profiles": {
    "Basic": [
      {
        "url": "https://fhir-vaccination-pass.github.io/fhir-implementation-guide/StructureDefinition/vp-target-disease",
        "title": "TargetDisease"
      },
      {
        "url": "https://fhir-vaccination-pass.github.io/fhir-implementation-guide/StructureDefinition/vp-vacation-plan",
        "title": "VacationPlan"
      },
      {
        "url": "https://fhir-vaccination-pass.github.io/fhir-implementation-guide/StructureDefinition/vp-vaccination-dose",
        "title": "VaccinationDose"
      },
      {
        "url": "https://fhir-vaccination-pass.github.io/fhir-implementation-guide/StructureDefinition/vp-vaccination-scheme",
        "title": "VaccinationScheme"
      }
    ],
    "Immunization": [
      {
        "url": "https://fhir-vaccination-pass.github.io/fhir-implementation-guide/StructureDefinition/vp-immunization",
        "title": "Immunization"
      }
    ],
    "ImmunizationRecommendation": [
      {
        "url": "https://fhir-vaccination-pass.github.io/fhir-implementation-guide/StructureDefinition/vp-immunization-recommendation",
        "title": "ImmunizationRecommendation"
      }
    ],
    "Medication": [
      {
        "url": "https://fhir-vaccination-pass.github.io/fhir-implementation-guide/StructureDefinition/vp-medication",
        "title": "Medication"
      }
    ],
    "Organization": [
      {
        "url": "https://fhir-vaccination-pass.github.io/fhir-implementation-guide/StructureDefinition/vp-organization",
        "title": "Organization"
      }
    ],
    "Patient": [
      {
        "url": "https://fhir-vaccination-pass.github.io/fhir-implementation-guide/StructureDefinition/vp-patient",
        "title": "Patient"
      }
    ],
    "Practitioner": [
      {
        "url": "https://fhir-vaccination-pass.github.io/fhir-implementation-guide/StructureDefinition/vp-practitioner",
        "title": "Practitioner"
      }
    ]
  },
  "usage": {
    "http://hl7.org/fhir/StructureDefinition/elementdefinition-bestpractice": [
      "StructureDefinition.snapshot.element.constraint"
    ],
    "http://hl7.org/fhir/StructureDefinition/elementdefinition-bestpractice-explanation": [
      "StructureDefinition.snapshot.element.constraint"
    ],
    "http://hl7.org/fhir/StructureDefinition/elementdefinition-bindingName": [
      "StructureDefinition.snapshot.element.binding"
    ],
    "http://hl7.org/fhir/StructureDefinition/elementdefinition-isCommonBinding": [
      "StructureDefinition.snapshot.element.binding"
    ],
    "http://hl7.org/fhir/StructureDefinition/elementdefinition-maxValueSet": [
      "StructureDefinition.snapshot.element.binding"
    ],
    "http://hl7.org/fhir/StructureDefinition/elementdefinition-translatable": [
      "StructureDefinition.snapshot.element"
    ],
    "http://hl7.org/fhir/StructureDefinition/regex": [
      "StructureDefinition.snapshot.element.type"
    ],
    "http://hl7.org/fhir/StructureDefinition/structuredefinition-category": [
      "StructureDefinition"
    ],
    "http://hl7.org/fhir/StructureDefinition/structuredefinition-explicit-type-name": [
      "StructureDefinition.snapshot.element"
    ],
    "http://hl7.org/fhir/StructureDefinition/structuredefinition-fhir-type": [
      "StructureDefinition.snapshot.element.type"
    ],
    "http://hl7.org/fhir/StructureDefinition/structuredefinition-hierarchy": [
      "StructureDefinition.snapshot.element.type"
    ],
    "http://hl7.org/fhir/StructureDefinition/structuredefinition-security-category": [
      "StructureDefinition"
    ],
    "http://hl7.org/fhir/tools/StructureDefinition/ig-parameter": [
      "ImplementationGuide.definition"
    ],
    "http://hl7.org/fhir/tools/StructureDefinition/resource-information": [
      "ImplementationGuide.definition.resource"
    ],
    "https://fhir-vaccination-pass.github.io/fhir-implementation-guide/StructureDefinition/vp-active-vaccination-scheme-extension": [
      "Basic"
    ],
    "https://fhir-vaccination-pass.github.io/fhir-implementation-guide/StructureDefinition/vp-administered-vaccination-dose": [
      "Immunization"
    ],
    "https://fhir-vaccination-pass.github.io/fhir-implementation-guide/StructureDefinition/vp-country-code-extension": [
      "Extension",
      "Patient.address.country"
    ],
    "https://fhir-vaccination-pass.github.io/fhir-implementation-guide/StructureDefinition/vp-fulfilling-immunization": [
      "ImmunizationRecommendation"
    ],
    "https://fhir-vaccination-pass.github.io/fhir-implementation-guide/StructureDefinition/vp-immunization-recommendation-is-deactivated": [
      "ImmunizationRecommendation"
    ],
    "https://fhir-vaccination-pass.github.io/fhir-implementation-guide/StructureDefinition/vp-location-extension": [
      "Extension"
    ],
    "https://fhir-vaccination-pass.github.io/fhir-implementation-guide/StructureDefinition/vp-medication-target-disease": [
      "Medication"
    ],
    "https://fhir-vaccination-pass.github.io/fhir-implementation-guide/StructureDefinition/vp-medication-trade-name": [
      "Medication"
    ],
    "https://fhir-vaccination-pass.github.io/fhir-implementation-guide/StructureDefinition/vp-patient-is-pregnant-extension": [
      "Patient"
    ],
    "https://fhir-vaccination-pass.github.io/fhir-implementation-guide/StructureDefinition/vp-patient-keycloak-username-extension": [
      "Patient"
    ],
    "https://fhir-vaccination-pass.github.io/fhir-implementation-guide/StructureDefinition/vp-population-recommendation-extension": [
      "Basic"
    ],
    "https://fhir-vaccination-pass.github.io/fhir-implementation-guide/StructureDefinition/vp-recommended-vaccination-dose": [
      "ImmunizationRecommendation"
    ],
    "https://fhir-vaccination-pass.github.io/fhir-implementation-guide/StructureDefinition/vp-state-code-extension": [
      "Extension",
      "Patient.address.state"
    ],
    "https://fhir-vaccination-pass.github.io/fhir-implementation-guide/StructureDefinition/vp-supporting-population-recommendation": [
      "ImmunizationRecommendation"
    ],
    "https://fhir-vaccination-pass.github.io/fhir-implementation-guide/StructureDefinition/vp-target-disease-extension": [
      "Basic"
    ],
    "https://fhir-vaccination-pass.github.io/fhir-implementation-guide/StructureDefinition/vp-vacation-plan-extension": [
      "Basic"
    ],
    "https://fhir-vaccination-pass.github.io/fhir-implementation-guide/StructureDefinition/vp-vaccination-dose-extension": [
      "Basic"
    ],
    "https://fhir-vaccination-pass.github.io/fhir-implementation-guide/StructureDefinition/vp-vaccination-dose-repeating-extension": [
      "Extension"
    ],
    "https://fhir-vaccination-pass.github.io/fhir-implementation-guide/StructureDefinition/vp-vaccination-dose-single-extension": [
      "Extension"
    ],
    "https://fhir-vaccination-pass.github.io/fhir-implementation-guide/StructureDefinition/vp-vaccination-scheme-extension": [
      "Basic"
    ]
  }
}