{"resourceType":"ImplementationGuide","id":"com.github.fhirvaccinationpass.ig","text":{"status":"extensions","div":"<div xmlns=\"http://www.w3.org/1999/xhtml\"><h2>VPImplementationGuide</h2><p>The official URL for this implementation guide is: </p><pre>https://fhir-vaccination-pass.github.io/fhir-implementation-guide/ImplementationGuide/com.github.fhirvaccinationpass.ig</pre></div>"},"url":"https://fhir-vaccination-pass.github.io/fhir-implementation-guide/ImplementationGuide/com.github.fhirvaccinationpass.ig","version":"0.1.0","name":"VPImplementationGuide","status":"draft","date":"2022-08-11T05:51:10+00:00","publisher":"Example Publisher","contact":[{"name":"Example Publisher","telecom":[{"system":"url","value":"http://example.org/example-publisher"}]}],"packageId":"com.github.fhirvaccinationpass.ig","license":"CC0-1.0","fhirVersion":["4.0.1"],"dependsOn":[{"id":"hl7tx","uri":"http://terminology.hl7.org/ImplementationGuide/hl7.terminology","packageId":"hl7.terminology.r4","version":"3.1.0"}],"definition":{"extension":[{"extension":[{"url":"code","valueString":"copyrightyear"},{"url":"value","valueString":"2022+"}],"url":"http://hl7.org/fhir/tools/StructureDefinition/ig-parameter"},{"extension":[{"url":"code","valueString":"releaselabel"},{"url":"value","valueString":"ci-build"}],"url":"http://hl7.org/fhir/tools/StructureDefinition/ig-parameter"},{"extension":[{"url":"code","valueString":"path-liquid"},{"url":"value","valueString":"template/liquid"}],"url":"http://hl7.org/fhir/tools/StructureDefinition/ig-parameter"},{"extension":[{"url":"code","valueString":"path-liquid"},{"url":"value","valueString":"input/liquid"}],"url":"http://hl7.org/fhir/tools/StructureDefinition/ig-parameter"},{"extension":[{"url":"code","valueString":"path-qa"},{"url":"value","valueString":"temp/qa"}],"url":"http://hl7.org/fhir/tools/StructureDefinition/ig-parameter"},{"extension":[{"url":"code","valueString":"path-temp"},{"url":"value","valueString":"temp/pages"}],"url":"http://hl7.org/fhir/tools/StructureDefinition/ig-parameter"},{"extension":[{"url":"code","valueString":"path-output"},{"url":"value","valueString":"output"}],"url":"http://hl7.org/fhir/tools/StructureDefinition/ig-parameter"},{"extension":[{"url":"code","valueString":"path-suppressed-warnings"},{"url":"value","valueString":"input/ignoreWarnings.txt"}],"url":"http://hl7.org/fhir/tools/StructureDefinition/ig-parameter"},{"extension":[{"url":"code","valueString":"path-history"},{"url":"value","valueString":"https://fhir-vaccination-pass.github.io/fhir-implementation-guide/history.html"}],"url":"http://hl7.org/fhir/tools/StructureDefinition/ig-parameter"},{"extension":[{"url":"code","valueString":"template-html"},{"url":"value","valueString":"template-page.html"}],"url":"http://hl7.org/fhir/tools/StructureDefinition/ig-parameter"},{"extension":[{"url":"code","valueString":"template-md"},{"url":"value","valueString":"template-page-md.html"}],"url":"http://hl7.org/fhir/tools/StructureDefinition/ig-parameter"},{"extension":[{"url":"code","valueString":"apply-contact"},{"url":"value","valueString":"true"}],"url":"http://hl7.org/fhir/tools/StructureDefinition/ig-parameter"},{"extension":[{"url":"code","valueString":"apply-context"},{"url":"value","valueString":"true"}],"url":"http://hl7.org/fhir/tools/StructureDefinition/ig-parameter"},{"extension":[{"url":"code","valueString":"apply-copyright"},{"url":"value","valueString":"true"}],"url":"http://hl7.org/fhir/tools/StructureDefinition/ig-parameter"},{"extension":[{"url":"code","valueString":"apply-jurisdiction"},{"url":"value","valueString":"true"}],"url":"http://hl7.org/fhir/tools/StructureDefinition/ig-parameter"},{"extension":[{"url":"code","valueString":"apply-license"},{"url":"value","valueString":"true"}],"url":"http://hl7.org/fhir/tools/StructureDefinition/ig-parameter"},{"extension":[{"url":"code","valueString":"apply-publisher"},{"url":"value","valueString":"true"}],"url":"http://hl7.org/fhir/tools/StructureDefinition/ig-parameter"},{"extension":[{"url":"code","valueString":"apply-version"},{"url":"value","valueString":"true"}],"url":"http://hl7.org/fhir/tools/StructureDefinition/ig-parameter"},{"extension":[{"url":"code","valueString":"active-tables"},{"url":"value","valueString":"true"}],"url":"http://hl7.org/fhir/tools/StructureDefinition/ig-parameter"},{"extension":[{"url":"code","valueString":"fmm-definition"},{"url":"value","valueString":"http://hl7.org/fhir/versions.html#maturity"}],"url":"http://hl7.org/fhir/tools/StructureDefinition/ig-parameter"},{"extension":[{"url":"code","valueString":"propagate-status"},{"url":"value","valueString":"true"}],"url":"http://hl7.org/fhir/tools/StructureDefinition/ig-parameter"},{"extension":[{"url":"code","valueString":"excludelogbinaryformat"},{"url":"value","valueString":"true"}],"url":"http://hl7.org/fhir/tools/StructureDefinition/ig-parameter"}],"grouping":[{"id":"-str-profile","name":"Structures: Resource Profiles","description":"These define constraints on FHIR resources for systems conforming to this implementation guide"},{"id":"-str-extension","name":"Structures: Extension Definitions","description":"These define constraints on FHIR data types for systems conforming to this implementation guide"},{"id":"-term-valueset","name":"Terminology: Value Sets","description":"These define sets of codes used by systems conforming to this implementation guide"},{"id":"-term-codesystem","name":"Terminology: Code Systems","description":"These define new code systems used by systems conforming to this implementation guide"}],"resource":[{"extension":[{"url":"http://hl7.org/fhir/StructureDefinition/implementationguide-page","valueUri":"StructureDefinition-vp-active-vaccination-scheme.html"}],"reference":{"reference":"StructureDefinition/vp-active-vaccination-scheme"},"name":"ActiveVaccinationScheme","description":"ActiveVaccinationScheme indicates which vaccination scheme is in use for a patient and target disease.","exampleBoolean":false,"groupingId":"-str-profile"},{"extension":[{"url":"http://hl7.org/fhir/StructureDefinition/implementationguide-page","valueUri":"StructureDefinition-vp-immunization.html"}],"reference":{"reference":"StructureDefinition/vp-immunization"},"name":"Immunization","description":"Immunization profile for use in FHIR Vaccination Pass","exampleBoolean":false,"groupingId":"-str-profile"},{"extension":[{"url":"http://hl7.org/fhir/StructureDefinition/implementationguide-page","valueUri":"StructureDefinition-vp-immunization-recommendation.html"}],"reference":{"reference":"StructureDefinition/vp-immunization-recommendation"},"name":"ImmunizationRecommendation","description":"ImmunizationRecommendation profile for use in FHIR Vaccination Pass.","exampleBoolean":false,"groupingId":"-str-profile"},{"extension":[{"url":"http://hl7.org/fhir/StructureDefinition/implementationguide-page","valueUri":"StructureDefinition-vp-medication.html"}],"reference":{"reference":"StructureDefinition/vp-medication"},"name":"Medication","description":"Medication profile for use in FHIR Vaccination Pass","exampleBoolean":false,"groupingId":"-str-profile"},{"extension":[{"url":"http://hl7.org/fhir/StructureDefinition/implementationguide-page","valueUri":"StructureDefinition-vp-organization.html"}],"reference":{"reference":"StructureDefinition/vp-organization"},"name":"Organization","description":"Organization profile for use in FHIR Vaccination Pass","exampleBoolean":false,"groupingId":"-str-profile"},{"extension":[{"url":"http://hl7.org/fhir/StructureDefinition/implementationguide-page","valueUri":"StructureDefinition-vp-patient.html"}],"reference":{"reference":"StructureDefinition/vp-patient"},"name":"Patient","description":"Patient profile for use in FHIR Vaccination Pass","exampleBoolean":false,"groupingId":"-str-profile"},{"extension":[{"url":"http://hl7.org/fhir/StructureDefinition/implementationguide-page","valueUri":"StructureDefinition-vp-population-recommendation.html"}],"reference":{"reference":"StructureDefinition/vp-population-recommendation"},"name":"PopulationRecommendation","description":"PopulationRecommendation models a general recommendation to achieve immunity against a specific disease, possibly\nlimited to locations where the disease is prevalent or to an age range of the patients.","exampleBoolean":false,"groupingId":"-str-profile"},{"extension":[{"url":"http://hl7.org/fhir/StructureDefinition/implementationguide-page","valueUri":"StructureDefinition-vp-practitioner.html"}],"reference":{"reference":"StructureDefinition/vp-practitioner"},"name":"Practitioner","description":"Practitioner profile for use in FHIR Vaccination Pass","exampleBoolean":false,"groupingId":"-str-profile"},{"extension":[{"url":"http://hl7.org/fhir/StructureDefinition/implementationguide-page","valueUri":"StructureDefinition-vp-target-disease.html"}],"reference":{"reference":"StructureDefinition/vp-target-disease"},"name":"TargetDisease","description":"Target disease contains information about a disease that can be vaccinated against","exampleBoolean":false,"groupingId":"-str-profile"},{"extension":[{"url":"http://hl7.org/fhir/StructureDefinition/implementationguide-page","valueUri":"StructureDefinition-vp-vacation-plan.html"}],"reference":{"reference":"StructureDefinition/vp-vacation-plan"},"name":"VacationPlan","description":"VacationPlan models the intent of a patient to travel to a different location, potentially leading to a change of the\nindicated immunizations for the patient.","exampleBoolean":false,"groupingId":"-str-profile"},{"extension":[{"url":"http://hl7.org/fhir/StructureDefinition/implementationguide-page","valueUri":"StructureDefinition-vp-vaccination-dose.html"}],"reference":{"reference":"StructureDefinition/vp-vaccination-dose"},"name":"VaccinationDose","description":"VaccinationDose models one of the doses of a vaccination given as part of a vaccination scheme.","exampleBoolean":false,"groupingId":"-str-profile"},{"extension":[{"url":"http://hl7.org/fhir/StructureDefinition/implementationguide-page","valueUri":"StructureDefinition-vp-vaccination-scheme.html"}],"reference":{"reference":"StructureDefinition/vp-vaccination-scheme"},"name":"VaccinationScheme","description":"VaccinationScheme models a process consisting of immunizations through wich a patient can reach immunity against a target\ndisease.","exampleBoolean":false,"groupingId":"-str-profile"},{"extension":[{"url":"http://hl7.org/fhir/StructureDefinition/implementationguide-page","valueUri":"StructureDefinition-vp-active-vaccination-scheme-extension.html"}],"reference":{"reference":"StructureDefinition/vp-active-vaccination-scheme-extension"},"name":"ActiveVaccinationSchemeExtension","exampleBoolean":false,"groupingId":"-str-extension"},{"extension":[{"url":"http://hl7.org/fhir/StructureDefinition/implementationguide-page","valueUri":"StructureDefinition-vp-administered-vaccination-dose.html"}],"reference":{"reference":"StructureDefinition/vp-administered-vaccination-dose"},"name":"VPAdministeredVaccinationDose","exampleBoolean":false,"groupingId":"-str-extension"},{"extension":[{"url":"http://hl7.org/fhir/StructureDefinition/implementationguide-page","valueUri":"StructureDefinition-vp-country-code-extension.html"}],"reference":{"reference":"StructureDefinition/vp-country-code-extension"},"name":"CountryCodeExtension","exampleBoolean":false,"groupingId":"-str-extension"},{"extension":[{"url":"http://hl7.org/fhir/StructureDefinition/implementationguide-page","valueUri":"StructureDefinition-vp-fulfilling-immunization.html"}],"reference":{"reference":"StructureDefinition/vp-fulfilling-immunization"},"name":"FulfillingImmunization","description":"Future Immunization that fulfills this ImmunizationRecommendation.","exampleBoolean":false,"groupingId":"-str-extension"},{"extension":[{"url":"http://hl7.org/fhir/StructureDefinition/implementationguide-page","valueUri":"StructureDefinition-vp-immunization-recommendation-is-deactivated.html"}],"reference":{"reference":"StructureDefinition/vp-immunization-recommendation-is-deactivated"},"name":"VPImmunizationRecommendationIsDeactivated","description":"Indicates if this ImmunizationRecommendation has been deactivated by a medical doctor.","exampleBoolean":false,"groupingId":"-str-extension"},{"extension":[{"url":"http://hl7.org/fhir/StructureDefinition/implementationguide-page","valueUri":"StructureDefinition-vp-location-extension.html"}],"reference":{"reference":"StructureDefinition/vp-location-extension"},"name":"LocationExtension","exampleBoolean":false,"groupingId":"-str-extension"},{"extension":[{"url":"http://hl7.org/fhir/StructureDefinition/implementationguide-page","valueUri":"StructureDefinition-vp-medication-target-disease.html"}],"reference":{"reference":"StructureDefinition/vp-medication-target-disease"},"name":"VPMedicationTargetDisease","description":"The ICD-10 code of a disease that is targeted by this medication.","exampleBoolean":false,"groupingId":"-str-extension"},{"extension":[{"url":"http://hl7.org/fhir/StructureDefinition/implementationguide-page","valueUri":"StructureDefinition-vp-medication-trade-name.html"}],"reference":{"reference":"StructureDefinition/vp-medication-trade-name"},"name":"MedicationTradeName","description":"The trade name of the medication.","exampleBoolean":false,"groupingId":"-str-extension"},{"extension":[{"url":"http://hl7.org/fhir/StructureDefinition/implementationguide-page","valueUri":"StructureDefinition-vp-patient-is-pregnant-extension.html"}],"reference":{"reference":"StructureDefinition/vp-patient-is-pregnant-extension"},"name":"VPPatientIsPregnantExtension","exampleBoolean":false,"groupingId":"-str-extension"},{"extension":[{"url":"http://hl7.org/fhir/StructureDefinition/implementationguide-page","valueUri":"StructureDefinition-vp-patient-keycloak-username-extension.html"}],"reference":{"reference":"StructureDefinition/vp-patient-keycloak-username-extension"},"name":"VPPatientKeycloakUsernameExtension","exampleBoolean":false,"groupingId":"-str-extension"},{"extension":[{"url":"http://hl7.org/fhir/StructureDefinition/implementationguide-page","valueUri":"StructureDefinition-vp-population-recommendation-extension.html"}],"reference":{"reference":"StructureDefinition/vp-population-recommendation-extension"},"name":"PopulationRecommendationExtension","exampleBoolean":false,"groupingId":"-str-extension"},{"extension":[{"url":"http://hl7.org/fhir/StructureDefinition/implementationguide-page","valueUri":"StructureDefinition-vp-recommended-vaccination-dose.html"}],"reference":{"reference":"StructureDefinition/vp-recommended-vaccination-dose"},"name":"VPRecommendedVaccinationDose","description":"VaccinationDose that has to be administered to fulfill this ImmunizationRecommendation.","exampleBoolean":false,"groupingId":"-str-extension"},{"extension":[{"url":"http://hl7.org/fhir/StructureDefinition/implementationguide-page","valueUri":"StructureDefinition-vp-state-code-extension.html"}],"reference":{"reference":"StructureDefinition/vp-state-code-extension"},"name":"StateCodeExtension","exampleBoolean":false,"groupingId":"-str-extension"},{"extension":[{"url":"http://hl7.org/fhir/StructureDefinition/implementationguide-page","valueUri":"StructureDefinition-vp-supporting-population-recommendation.html"}],"reference":{"reference":"StructureDefinition/vp-supporting-population-recommendation"},"name":"SupportingPopulationRecommendation","description":"PopulationRecommendation that is the reason for generating this ImmunizationRecommendation.","exampleBoolean":false,"groupingId":"-str-extension"},{"extension":[{"url":"http://hl7.org/fhir/StructureDefinition/implementationguide-page","valueUri":"StructureDefinition-vp-target-disease-extension.html"}],"reference":{"reference":"StructureDefinition/vp-target-disease-extension"},"name":"TargetDiseaseExtension","exampleBoolean":false,"groupingId":"-str-extension"},{"extension":[{"url":"http://hl7.org/fhir/StructureDefinition/implementationguide-page","valueUri":"StructureDefinition-vp-vacation-plan-extension.html"}],"reference":{"reference":"StructureDefinition/vp-vacation-plan-extension"},"name":"VacationPlanExtension","exampleBoolean":false,"groupingId":"-str-extension"},{"extension":[{"url":"http://hl7.org/fhir/StructureDefinition/implementationguide-page","valueUri":"StructureDefinition-vp-vaccination-dose-extension.html"}],"reference":{"reference":"StructureDefinition/vp-vaccination-dose-extension"},"name":"VaccinationDoseExtension","exampleBoolean":false,"groupingId":"-str-extension"},{"extension":[{"url":"http://hl7.org/fhir/StructureDefinition/implementationguide-page","valueUri":"StructureDefinition-vp-vaccination-dose-repeating-extension.html"}],"reference":{"reference":"StructureDefinition/vp-vaccination-dose-repeating-extension"},"name":"VaccinationDoseRepeatingExtension","exampleBoolean":false,"groupingId":"-str-extension"},{"extension":[{"url":"http://hl7.org/fhir/StructureDefinition/implementationguide-page","valueUri":"StructureDefinition-vp-vaccination-dose-single-extension.html"}],"reference":{"reference":"StructureDefinition/vp-vaccination-dose-single-extension"},"name":"VaccinationDoseSingleExtension","exampleBoolean":false,"groupingId":"-str-extension"},{"extension":[{"url":"http://hl7.org/fhir/StructureDefinition/implementationguide-page","valueUri":"StructureDefinition-vp-vaccination-scheme-extension.html"}],"reference":{"reference":"StructureDefinition/vp-vaccination-scheme-extension"},"name":"VaccinationSchemeExtension","exampleBoolean":false,"groupingId":"-str-extension"},{"extension":[{"url":"http://hl7.org/fhir/StructureDefinition/implementationguide-page","valueUri":"ValueSet-vp-icd-10-value-set.html"}],"reference":{"reference":"ValueSet/vp-icd-10-value-set"},"name":"ICD10ValueSet","exampleBoolean":false,"groupingId":"-term-valueset"},{"extension":[{"url":"http://hl7.org/fhir/StructureDefinition/implementationguide-page","valueUri":"ValueSet-vp-state-code-value-set.html"}],"reference":{"reference":"ValueSet/vp-state-code-value-set"},"name":"VPStateCodeValueSet","exampleBoolean":false,"groupingId":"-term-valueset"},{"extension":[{"url":"http://hl7.org/fhir/StructureDefinition/implementationguide-page","valueUri":"ValueSet-vp-vaccination-scheme-type-value-set.html"}],"reference":{"reference":"ValueSet/vp-vaccination-scheme-type-value-set"},"name":"VaccinationSchemeTypeValueSet","description":"Describes the type of a vaccination scheme such as standard, quick or repeating","exampleBoolean":false,"groupingId":"-term-valueset"},{"extension":[{"url":"http://hl7.org/fhir/StructureDefinition/implementationguide-page","valueUri":"CodeSystem-vp-vaccination-scheme-type.html"}],"reference":{"reference":"CodeSystem/vp-vaccination-scheme-type"},"name":"VaccinationSchemeType","description":"Describes the type of a vaccination scheme such as standard, quick or repeating","exampleBoolean":false,"groupingId":"-term-codesystem"}],"page":{"nameUrl":"toc.html","title":"Table of Contents","generation":"html","page":[{"nameUrl":"index.html","title":"Home","generation":"markdown"},{"nameUrl":"artifacts.html","title":"Artifacts Summary","generation":"html","page":[{"nameUrl":"StructureDefinition-vp-active-vaccination-scheme.html","title":"ActiveVaccinationScheme","generation":"generated"},{"nameUrl":"StructureDefinition-vp-immunization.html","title":"Immunization","generation":"generated"},{"nameUrl":"StructureDefinition-vp-immunization-recommendation.html","title":"ImmunizationRecommendation","generation":"generated"},{"nameUrl":"StructureDefinition-vp-medication.html","title":"Medication","generation":"generated"},{"nameUrl":"StructureDefinition-vp-organization.html","title":"Organization","generation":"generated"},{"nameUrl":"StructureDefinition-vp-patient.html","title":"Patient","generation":"generated"},{"nameUrl":"StructureDefinition-vp-population-recommendation.html","title":"PopulationRecommendation","generation":"generated"},{"nameUrl":"StructureDefinition-vp-practitioner.html","title":"Practitioner","generation":"generated"},{"nameUrl":"StructureDefinition-vp-target-disease.html","title":"TargetDisease","generation":"generated"},{"nameUrl":"StructureDefinition-vp-vacation-plan.html","title":"VacationPlan","generation":"generated"},{"nameUrl":"StructureDefinition-vp-vaccination-dose.html","title":"VaccinationDose","generation":"generated"},{"nameUrl":"StructureDefinition-vp-vaccination-scheme.html","title":"VaccinationScheme","generation":"generated"},{"nameUrl":"StructureDefinition-vp-active-vaccination-scheme-extension.html","title":"ActiveVaccinationSchemeExtension","generation":"generated"},{"nameUrl":"StructureDefinition-vp-administered-vaccination-dose.html","title":"VPAdministeredVaccinationDose","generation":"generated"},{"nameUrl":"StructureDefinition-vp-country-code-extension.html","title":"CountryCodeExtension","generation":"generated"},{"nameUrl":"StructureDefinition-vp-fulfilling-immunization.html","title":"FulfillingImmunization","generation":"generated"},{"nameUrl":"StructureDefinition-vp-immunization-recommendation-is-deactivated.html","title":"VPImmunizationRecommendationIsDeactivated","generation":"generated"},{"nameUrl":"StructureDefinition-vp-location-extension.html","title":"LocationExtension","generation":"generated"},{"nameUrl":"StructureDefinition-vp-medication-target-disease.html","title":"VPMedicationTargetDisease","generation":"generated"},{"nameUrl":"StructureDefinition-vp-medication-trade-name.html","title":"MedicationTradeName","generation":"generated"},{"nameUrl":"StructureDefinition-vp-patient-is-pregnant-extension.html","title":"VPPatientIsPregnantExtension","generation":"generated"},{"nameUrl":"StructureDefinition-vp-patient-keycloak-username-extension.html","title":"VPPatientKeycloakUsernameExtension","generation":"generated"},{"nameUrl":"StructureDefinition-vp-population-recommendation-extension.html","title":"PopulationRecommendationExtension","generation":"generated"},{"nameUrl":"StructureDefinition-vp-recommended-vaccination-dose.html","title":"VPRecommendedVaccinationDose","generation":"generated"},{"nameUrl":"StructureDefinition-vp-state-code-extension.html","title":"StateCodeExtension","generation":"generated"},{"nameUrl":"StructureDefinition-vp-supporting-population-recommendation.html","title":"SupportingPopulationRecommendation","generation":"generated"},{"nameUrl":"StructureDefinition-vp-target-disease-extension.html","title":"TargetDiseaseExtension","generation":"generated"},{"nameUrl":"StructureDefinition-vp-vacation-plan-extension.html","title":"VacationPlanExtension","generation":"generated"},{"nameUrl":"StructureDefinition-vp-vaccination-dose-extension.html","title":"VaccinationDoseExtension","generation":"generated"},{"nameUrl":"StructureDefinition-vp-vaccination-dose-repeating-extension.html","title":"VaccinationDoseRepeatingExtension","generation":"generated"},{"nameUrl":"StructureDefinition-vp-vaccination-dose-single-extension.html","title":"VaccinationDoseSingleExtension","generation":"generated"},{"nameUrl":"StructureDefinition-vp-vaccination-scheme-extension.html","title":"VaccinationSchemeExtension","generation":"generated"},{"nameUrl":"ValueSet-vp-icd-10-value-set.html","title":"ICD10ValueSet","generation":"generated"},{"nameUrl":"ValueSet-vp-state-code-value-set.html","title":"VPStateCodeValueSet","generation":"generated"},{"nameUrl":"ValueSet-vp-vaccination-scheme-type-value-set.html","title":"VaccinationSchemeTypeValueSet","generation":"generated"},{"nameUrl":"CodeSystem-vp-vaccination-scheme-type.html","title":"VaccinationSchemeType","generation":"generated"}]}]},"parameter":[{"code":"path-resource","value":"input/capabilities"},{"code":"path-resource","value":"input/examples"},{"code":"path-resource","value":"input/extensions"},{"code":"path-resource","value":"input/models"},{"code":"path-resource","value":"input/operations"},{"code":"path-resource","value":"input/profiles"},{"code":"path-resource","value":"input/resources"},{"code":"path-resource","value":"input/vocabulary"},{"code":"path-resource","value":"input/maps"},{"code":"path-resource","value":"input/testing"},{"code":"path-resource","value":"input/history"},{"code":"path-resource","value":"fsh-generated/resources"},{"code":"path-pages","value":"template/config"},{"code":"path-pages","value":"input/images"},{"code":"path-tx-cache","value":"input-cache/txcache"}]}}