{"resourceType":"SearchParameter","id":"vp-active-vaccination-scheme-to-scheme-parameter","url":"https://fhir-vaccination-pass.github.io/fhir-implementation-guide/SearchParameter/vp-active-vaccination-scheme-to-scheme-parameter","version":"0.1.0","name":"ActiveVaccinationSchemeToSchemeParameter","status":"active","date":"2022-08-23T12:16:54+00:00","publisher":"Example Publisher","contact":[{"name":"Example Publisher","telecom":[{"system":"url","value":"http://example.org/example-publisher"}]}],"description":"Search for 'vaccinationScheme' in ActiveVaccinationScheme.","code":"activeVaccinationSchemeToScheme","base":["Basic"],"type":"string","expression":"extension('https://fhir-vaccination-pass.github.io/fhir-implementation-guide/StructureDefinition/vp-active-vaccination-scheme-extension').extension('vaccinationScheme').value.reference"}