{"resourceType":"SearchParameter","id":"vp-vaccination-dose-is-repeating-parameter","url":"https://fhir-vaccination-pass.github.io/fhir-implementation-guide/SearchParameter/vp-vaccination-dose-is-repeating-parameter","version":"0.1.0","name":"VaccinationDoseIsRepeatingParameter","status":"active","date":"2022-08-23T12:16:54+00:00","publisher":"Example Publisher","contact":[{"name":"Example Publisher","telecom":[{"system":"url","value":"http://example.org/example-publisher"}]}],"description":"Search for 'repeating' VaccinationDoses.","code":"vaccinationDoseIsRepeating","base":["Basic"],"type":"token","expression":"extension('https://fhir-vaccination-pass.github.io/fhir-implementation-guide/StructureDefinition/vp-vaccination-dose-repeating-extension').exists()"}