{"resourceType":"SearchParameter","id":"vp-medication-target-disease-code-parameter","url":"https://fhir-vaccination-pass.github.io/fhir-implementation-guide/SearchParameter/vp-medication-target-disease-code-parameter","version":"0.1.0","name":"MedicationTargetDiseaseCodeParameter","status":"active","date":"2022-08-23T12:16:54+00:00","publisher":"Example Publisher","contact":[{"name":"Example Publisher","telecom":[{"system":"url","value":"http://example.org/example-publisher"}]}],"description":"Search for 'code' in Medication.targetDiseases","code":"targetDiseaseCode","base":["Medication"],"type":"token","expression":"extension('https://fhir-vaccination-pass.github.io/fhir-implementation-guide/StructureDefinition/vp-medication-target-disease').value"}