{"resourceType":"SearchParameter","id":"vp-patient-state-code-parameter","url":"https://fhir-vaccination-pass.github.io/fhir-implementation-guide/SearchParameter/vp-patient-state-code-parameter","version":"0.1.0","name":"PatientStateCodeParameter","status":"active","date":"2022-08-23T12:16:54+00:00","publisher":"Example Publisher","contact":[{"name":"Example Publisher","telecom":[{"system":"url","value":"http://example.org/example-publisher"}]}],"description":"Search for 'code' in Medication.address.state.extension.state","code":"stateCode","base":["Patient"],"type":"token","expression":"address.state.extension('https://fhir-vaccination-pass.github.io/fhir-implementation-guide/StructureDefinition/vp-state-code-extension').value"}