{
  "resourceType": "StructureDefinition",
  "id": "vp-vaccination-dose-extension",
  "text": {
    "status": "extensions",
    "div": "<div xmlns=\"http://www.w3.org/1999/xhtml\"><table border=\"0\" cellpadding=\"0\" cellspacing=\"0\" style=\"border: 0px #F0F0F0 solid; font-size: 11px; font-family: verdana; vertical-align: top;\"><tr style=\"border: 1px #F0F0F0 solid; font-size: 11px; font-family: verdana; vertical-align: top\"><th style=\"vertical-align: top; text-align : left; background-color: white; border: 0px #F0F0F0 solid; padding:0px 4px 0px 4px\" class=\"hierarchy\"><a href=\"http://hl7.org/fhir/R4/formats.html#table\" title=\"The logical name of the element\">Name</a></th><th style=\"vertical-align: top; text-align : left; background-color: white; border: 0px #F0F0F0 solid; padding:0px 4px 0px 4px\" class=\"hierarchy\"><a href=\"http://hl7.org/fhir/R4/formats.html#table\" title=\"Information about the use of the element\">Flags</a></th><th style=\"vertical-align: top; text-align : left; background-color: white; border: 0px #F0F0F0 solid; padding:0px 4px 0px 4px\" class=\"hierarchy\"><a href=\"http://hl7.org/fhir/R4/formats.html#table\" title=\"Minimum and Maximum # of times the the element can appear in the instance\">Card.</a></th><th style=\"width: 100px\" class=\"hierarchy\"><a href=\"http://hl7.org/fhir/R4/formats.html#table\" title=\"Reference to the type of the element\">Type</a></th><th style=\"vertical-align: top; text-align : left; background-color: white; border: 0px #F0F0F0 solid; padding:0px 4px 0px 4px\" class=\"hierarchy\"><a href=\"http://hl7.org/fhir/R4/formats.html#table\" title=\"Additional information about the element\">Description &amp; Constraints</a><span style=\"float: right\"><a href=\"http://hl7.org/fhir/R4/formats.html#table\" title=\"Legend for this format\"><img src=\"http://hl7.org/fhir/R4/help16.png\" alt=\"doco\" style=\"background-color: inherit\"/></a></span></th></tr><tr style=\"border: 0px #F0F0F0 solid; padding:0px; vertical-align: top; background-color: white\"><td style=\"vertical-align: top; text-align : left; background-color: white; border: 0px #F0F0F0 solid; padding:0px 4px 0px 4px; white-space: nowrap; background-image: url(tbl_bck1.png)\" class=\"hierarchy\"><img src=\"tbl_spacer.png\" alt=\".\" style=\"background-color: inherit\" class=\"hierarchy\"/><img src=\"icon_element.gif\" alt=\".\" style=\"background-color: white; background-color: inherit\" title=\"Element\" class=\"hierarchy\"/> <a href=\"StructureDefinition-vp-vaccination-dose-extension-definitions.html#Extension\">Extension</a><a name=\"Extension\"> </a></td><td style=\"vertical-align: top; text-align : left; background-color: white; border: 0px #F0F0F0 solid; padding:0px 4px 0px 4px\" class=\"hierarchy\"><span style=\"padding-left: 3px; padding-right: 3px; color: black; null\" title=\"This element has or is affected by some invariants (vp-vaccination-dose-extension-only-one-kind-invariant)\">I</span></td><td style=\"vertical-align: top; text-align : left; background-color: white; border: 0px #F0F0F0 solid; padding:0px 4px 0px 4px\" class=\"hierarchy\"><span style=\"opacity: 0.5\">0</span><span style=\"opacity: 0.5\">..</span><span style=\"opacity: 0.5\">*</span></td><td style=\"vertical-align: top; text-align : left; background-color: white; border: 0px #F0F0F0 solid; padding:0px 4px 0px 4px\" class=\"hierarchy\"><a href=\"http://hl7.org/fhir/R4/extensibility.html#Extension\">Extension</a></td><td style=\"vertical-align: top; text-align : left; background-color: white; border: 0px #F0F0F0 solid; padding:0px 4px 0px 4px\" class=\"hierarchy\">VaccinationDoseExtension<br/><span style=\"font-weight:bold\">vp-vaccination-dose-extension-only-one-kind-invariant: </span>A vaccination dose can either be a single dose or a repeating dose.</td></tr>\r\n<tr style=\"border: 0px #F0F0F0 solid; padding:0px; vertical-align: top; background-color: #F7F7F7\"><td style=\"vertical-align: top; text-align : left; background-color: #F7F7F7; border: 0px #F0F0F0 solid; padding:0px 4px 0px 4px; white-space: nowrap; background-image: url(tbl_bck14.png)\" class=\"hierarchy\"><img src=\"tbl_spacer.png\" alt=\".\" style=\"background-color: inherit\" class=\"hierarchy\"/><img src=\"tbl_vjoin.png\" alt=\".\" style=\"background-color: inherit\" class=\"hierarchy\"/><img src=\"icon_slice_item.png\" alt=\".\" style=\"background-color: #F7F7F7; background-color: inherit\" title=\"Slice Item\" class=\"hierarchy\"/> <a href=\"StructureDefinition-vp-vaccination-dose-extension-definitions.html#Extension.extension:singleDose\" title=\"Extension URL = https://fhir-vaccination-pass.github.io/fhir-implementation-guide/StructureDefinition/vp-vaccination-dose-single-extension\">singleDose</a><a name=\"Extension.extension\"> </a></td><td style=\"vertical-align: top; text-align : left; background-color: #F7F7F7; border: 0px #F0F0F0 solid; padding:0px 4px 0px 4px\" class=\"hierarchy\"><span style=\"padding-left: 3px; padding-right: 3px; color: white; background-color: red\" title=\"This element must be supported\">S</span></td><td style=\"vertical-align: top; text-align : left; background-color: #F7F7F7; border: 0px #F0F0F0 solid; padding:0px 4px 0px 4px\" class=\"hierarchy\">0..1</td><td style=\"vertical-align: top; text-align : left; background-color: #F7F7F7; border: 0px #F0F0F0 solid; padding:0px 4px 0px 4px\" class=\"hierarchy\"><a href=\"http://hl7.org/fhir/R4/datatypes.html#base64Binary\">base64Binary</a>, <a href=\"http://hl7.org/fhir/R4/datatypes.html#boolean\">boolean</a>, <a href=\"http://hl7.org/fhir/R4/references.html\">canonical</a>(), <a href=\"http://hl7.org/fhir/R4/datatypes.html#code\">code</a>, <a href=\"http://hl7.org/fhir/R4/datatypes.html#date\">date</a>, <a href=\"http://hl7.org/fhir/R4/datatypes.html#dateTime\">dateTime</a>, <a href=\"http://hl7.org/fhir/R4/datatypes.html#decimal\">decimal</a>, <a href=\"http://hl7.org/fhir/R4/datatypes.html#id\">id</a>, <a href=\"http://hl7.org/fhir/R4/datatypes.html#instant\">instant</a>, <a href=\"http://hl7.org/fhir/R4/datatypes.html#integer\">integer</a>, <a href=\"http://hl7.org/fhir/R4/datatypes.html#markdown\">markdown</a>, <a href=\"http://hl7.org/fhir/R4/datatypes.html#oid\">oid</a>, <a href=\"http://hl7.org/fhir/R4/datatypes.html#positiveInt\">positiveInt</a>, <a href=\"http://hl7.org/fhir/R4/datatypes.html#string\">string</a>, <a href=\"http://hl7.org/fhir/R4/datatypes.html#time\">time</a>, <a href=\"http://hl7.org/fhir/R4/datatypes.html#unsignedInt\">unsignedInt</a>, <a href=\"http://hl7.org/fhir/R4/datatypes.html#uri\">uri</a>, <a href=\"http://hl7.org/fhir/R4/datatypes.html#url\">url</a>, <a href=\"http://hl7.org/fhir/R4/datatypes.html#uuid\">uuid</a>, <a href=\"http://hl7.org/fhir/R4/datatypes.html#Address\">Address</a>, <a href=\"http://hl7.org/fhir/R4/datatypes.html#Age\">Age</a>, <a href=\"http://hl7.org/fhir/R4/datatypes.html#Annotation\">Annotation</a>, <a href=\"http://hl7.org/fhir/R4/datatypes.html#Attachment\">Attachment</a>, <a href=\"http://hl7.org/fhir/R4/datatypes.html#CodeableConcept\">CodeableConcept</a>, <a href=\"http://hl7.org/fhir/R4/datatypes.html#Coding\">Coding</a>, <a href=\"http://hl7.org/fhir/R4/datatypes.html#ContactPoint\">ContactPoint</a>, <a href=\"http://hl7.org/fhir/R4/datatypes.html#Count\">Count</a>, <a href=\"http://hl7.org/fhir/R4/datatypes.html#Distance\">Distance</a>, <a href=\"http://hl7.org/fhir/R4/datatypes.html#Duration\">Duration</a>, <a href=\"http://hl7.org/fhir/R4/datatypes.html#HumanName\">HumanName</a>, <a href=\"http://hl7.org/fhir/R4/datatypes.html#Identifier\">Identifier</a>, <a href=\"http://hl7.org/fhir/R4/datatypes.html#Money\">Money</a>, <a href=\"http://hl7.org/fhir/R4/datatypes.html#Period\">Period</a>, <a href=\"http://hl7.org/fhir/R4/datatypes.html#Quantity\">Quantity</a>, <a href=\"http://hl7.org/fhir/R4/datatypes.html#Range\">Range</a>, <a href=\"http://hl7.org/fhir/R4/datatypes.html#Ratio\">Ratio</a>, <a href=\"http://hl7.org/fhir/R4/references.html\">Reference</a>(), <a href=\"http://hl7.org/fhir/R4/datatypes.html#SampledData\">SampledData</a>, <a href=\"http://hl7.org/fhir/R4/datatypes.html#Signature\">Signature</a>, <a href=\"http://hl7.org/fhir/R4/datatypes.html#Timing\">Timing</a>, <a href=\"http://hl7.org/fhir/R4/metadatatypes.html#ContactDetail\">ContactDetail</a>, <a href=\"http://hl7.org/fhir/R4/metadatatypes.html#Contributor\">Contributor</a>, <a href=\"http://hl7.org/fhir/R4/metadatatypes.html#DataRequirement\">DataRequirement</a>, <a href=\"http://hl7.org/fhir/R4/datatypes.html#Expression\">Expression</a>, <a href=\"http://hl7.org/fhir/R4/metadatatypes.html#ParameterDefinition\">ParameterDefinition</a>, <a href=\"http://hl7.org/fhir/R4/metadatatypes.html#RelatedArtifact\">RelatedArtifact</a>, <a href=\"http://hl7.org/fhir/R4/metadatatypes.html#TriggerDefinition\">TriggerDefinition</a>, <a href=\"http://hl7.org/fhir/R4/metadatatypes.html#UsageContext\">UsageContext</a>, <a href=\"http://hl7.org/fhir/R4/datatypes.html#Dosage\">Dosage</a>, <a href=\"http://hl7.org/fhir/R4/datatypes.html#Meta\">Meta</a></td><td style=\"vertical-align: top; text-align : left; background-color: #F7F7F7; border: 0px #F0F0F0 solid; padding:0px 4px 0px 4px\" class=\"hierarchy\"><span style=\"opacity: 0.5\">VaccinationDoseSingleExtension</span><br/><span style=\"font-weight:bold\">URL: </span><a href=\"http://hl7.org/fhir/R4/StructureDefinition-vp-vaccination-dose-single-extension.html\">https://fhir-vaccination-pass.github.io/fhir-implementation-guide/StructureDefinition/vp-vaccination-dose-single-extension</a></td></tr>\r\n<tr style=\"border: 0px #F0F0F0 solid; padding:0px; vertical-align: top; background-color: white\"><td style=\"vertical-align: top; text-align : left; background-color: white; border: 0px #F0F0F0 solid; padding:0px 4px 0px 4px; white-space: nowrap; background-image: url(tbl_bck14.png)\" class=\"hierarchy\"><img src=\"tbl_spacer.png\" alt=\".\" style=\"background-color: inherit\" class=\"hierarchy\"/><img src=\"tbl_vjoin.png\" alt=\".\" style=\"background-color: inherit\" class=\"hierarchy\"/><img src=\"icon_slice_item.png\" alt=\".\" style=\"background-color: white; background-color: inherit\" title=\"Slice Item\" class=\"hierarchy\"/> <a href=\"StructureDefinition-vp-vaccination-dose-extension-definitions.html#Extension.extension:repeatingDose\" title=\"Extension URL = https://fhir-vaccination-pass.github.io/fhir-implementation-guide/StructureDefinition/vp-vaccination-dose-repeating-extension\">repeatingDose</a><a name=\"Extension.extension\"> </a></td><td style=\"vertical-align: top; text-align : left; background-color: white; border: 0px #F0F0F0 solid; padding:0px 4px 0px 4px\" class=\"hierarchy\"><span style=\"padding-left: 3px; padding-right: 3px; color: white; background-color: red\" title=\"This element must be supported\">S</span></td><td style=\"vertical-align: top; text-align : left; background-color: white; border: 0px #F0F0F0 solid; padding:0px 4px 0px 4px\" class=\"hierarchy\">0..1</td><td style=\"vertical-align: top; text-align : left; background-color: white; border: 0px #F0F0F0 solid; padding:0px 4px 0px 4px\" class=\"hierarchy\"><a href=\"http://hl7.org/fhir/R4/datatypes.html#base64Binary\">base64Binary</a>, <a href=\"http://hl7.org/fhir/R4/datatypes.html#boolean\">boolean</a>, <a href=\"http://hl7.org/fhir/R4/references.html\">canonical</a>(), <a href=\"http://hl7.org/fhir/R4/datatypes.html#code\">code</a>, <a href=\"http://hl7.org/fhir/R4/datatypes.html#date\">date</a>, <a href=\"http://hl7.org/fhir/R4/datatypes.html#dateTime\">dateTime</a>, <a href=\"http://hl7.org/fhir/R4/datatypes.html#decimal\">decimal</a>, <a href=\"http://hl7.org/fhir/R4/datatypes.html#id\">id</a>, <a href=\"http://hl7.org/fhir/R4/datatypes.html#instant\">instant</a>, <a href=\"http://hl7.org/fhir/R4/datatypes.html#integer\">integer</a>, <a href=\"http://hl7.org/fhir/R4/datatypes.html#markdown\">markdown</a>, <a href=\"http://hl7.org/fhir/R4/datatypes.html#oid\">oid</a>, <a href=\"http://hl7.org/fhir/R4/datatypes.html#positiveInt\">positiveInt</a>, <a href=\"http://hl7.org/fhir/R4/datatypes.html#string\">string</a>, <a href=\"http://hl7.org/fhir/R4/datatypes.html#time\">time</a>, <a href=\"http://hl7.org/fhir/R4/datatypes.html#unsignedInt\">unsignedInt</a>, <a href=\"http://hl7.org/fhir/R4/datatypes.html#uri\">uri</a>, <a href=\"http://hl7.org/fhir/R4/datatypes.html#url\">url</a>, <a href=\"http://hl7.org/fhir/R4/datatypes.html#uuid\">uuid</a>, <a href=\"http://hl7.org/fhir/R4/datatypes.html#Address\">Address</a>, <a href=\"http://hl7.org/fhir/R4/datatypes.html#Age\">Age</a>, <a href=\"http://hl7.org/fhir/R4/datatypes.html#Annotation\">Annotation</a>, <a href=\"http://hl7.org/fhir/R4/datatypes.html#Attachment\">Attachment</a>, <a href=\"http://hl7.org/fhir/R4/datatypes.html#CodeableConcept\">CodeableConcept</a>, <a href=\"http://hl7.org/fhir/R4/datatypes.html#Coding\">Coding</a>, <a href=\"http://hl7.org/fhir/R4/datatypes.html#ContactPoint\">ContactPoint</a>, <a href=\"http://hl7.org/fhir/R4/datatypes.html#Count\">Count</a>, <a href=\"http://hl7.org/fhir/R4/datatypes.html#Distance\">Distance</a>, <a href=\"http://hl7.org/fhir/R4/datatypes.html#Duration\">Duration</a>, <a href=\"http://hl7.org/fhir/R4/datatypes.html#HumanName\">HumanName</a>, <a href=\"http://hl7.org/fhir/R4/datatypes.html#Identifier\">Identifier</a>, <a href=\"http://hl7.org/fhir/R4/datatypes.html#Money\">Money</a>, <a href=\"http://hl7.org/fhir/R4/datatypes.html#Period\">Period</a>, <a href=\"http://hl7.org/fhir/R4/datatypes.html#Quantity\">Quantity</a>, <a href=\"http://hl7.org/fhir/R4/datatypes.html#Range\">Range</a>, <a href=\"http://hl7.org/fhir/R4/datatypes.html#Ratio\">Ratio</a>, <a href=\"http://hl7.org/fhir/R4/references.html\">Reference</a>(), <a href=\"http://hl7.org/fhir/R4/datatypes.html#SampledData\">SampledData</a>, <a href=\"http://hl7.org/fhir/R4/datatypes.html#Signature\">Signature</a>, <a href=\"http://hl7.org/fhir/R4/datatypes.html#Timing\">Timing</a>, <a href=\"http://hl7.org/fhir/R4/metadatatypes.html#ContactDetail\">ContactDetail</a>, <a href=\"http://hl7.org/fhir/R4/metadatatypes.html#Contributor\">Contributor</a>, <a href=\"http://hl7.org/fhir/R4/metadatatypes.html#DataRequirement\">DataRequirement</a>, <a href=\"http://hl7.org/fhir/R4/datatypes.html#Expression\">Expression</a>, <a href=\"http://hl7.org/fhir/R4/metadatatypes.html#ParameterDefinition\">ParameterDefinition</a>, <a href=\"http://hl7.org/fhir/R4/metadatatypes.html#RelatedArtifact\">RelatedArtifact</a>, <a href=\"http://hl7.org/fhir/R4/metadatatypes.html#TriggerDefinition\">TriggerDefinition</a>, <a href=\"http://hl7.org/fhir/R4/metadatatypes.html#UsageContext\">UsageContext</a>, <a href=\"http://hl7.org/fhir/R4/datatypes.html#Dosage\">Dosage</a>, <a href=\"http://hl7.org/fhir/R4/datatypes.html#Meta\">Meta</a></td><td style=\"vertical-align: top; text-align : left; background-color: white; border: 0px #F0F0F0 solid; padding:0px 4px 0px 4px\" class=\"hierarchy\"><span style=\"opacity: 0.5\">VaccinationDoseRepeatingExtension</span><br/><span style=\"font-weight:bold\">URL: </span><a href=\"http://hl7.org/fhir/R4/StructureDefinition-vp-vaccination-dose-repeating-extension.html\">https://fhir-vaccination-pass.github.io/fhir-implementation-guide/StructureDefinition/vp-vaccination-dose-repeating-extension</a></td></tr>\r\n<tr style=\"border: 0px #F0F0F0 solid; padding:0px; vertical-align: top; background-color: #F7F7F7\"><td style=\"vertical-align: top; text-align : left; background-color: #F7F7F7; border: 0px #F0F0F0 solid; padding:0px 4px 0px 4px; white-space: nowrap; background-image: url(tbl_bck10.png)\" class=\"hierarchy\"><img src=\"tbl_spacer.png\" alt=\".\" style=\"background-color: inherit\" class=\"hierarchy\"/><img src=\"tbl_vjoin.png\" alt=\".\" style=\"background-color: inherit\" class=\"hierarchy\"/><img src=\"icon_element.gif\" alt=\".\" style=\"background-color: #F7F7F7; background-color: inherit\" title=\"Element\" class=\"hierarchy\"/> <a href=\"StructureDefinition-vp-vaccination-dose-extension-definitions.html#Extension.url\">url</a><a name=\"Extension.url\"> </a></td><td style=\"vertical-align: top; text-align : left; background-color: #F7F7F7; border: 0px #F0F0F0 solid; padding:0px 4px 0px 4px\" class=\"hierarchy\"/><td style=\"vertical-align: top; text-align : left; background-color: #F7F7F7; border: 0px #F0F0F0 solid; padding:0px 4px 0px 4px\" class=\"hierarchy\"><span style=\"opacity: 0.5\">1</span><span style=\"opacity: 0.5\">..</span><span style=\"opacity: 0.5\">1</span></td><td style=\"vertical-align: top; text-align : left; background-color: #F7F7F7; border: 0px #F0F0F0 solid; padding:0px 4px 0px 4px\" class=\"hierarchy\"><a style=\"opacity: 0.5\" href=\"http://hl7.org/fhir/R4/datatypes.html#uri\">uri</a></td><td style=\"vertical-align: top; text-align : left; background-color: #F7F7F7; border: 0px #F0F0F0 solid; padding:0px 4px 0px 4px\" class=\"hierarchy\"><span style=\"color: darkgreen\">&quot;https://fhir-vaccination-pass.github.io/fhir-implementation-guide/StructureDefinition/vp-vaccination-dose-extension&quot;</span></td></tr>\r\n<tr style=\"border: 0px #F0F0F0 solid; padding:0px; vertical-align: top; background-color: white\"><td style=\"vertical-align: top; text-align : left; background-color: white; border: 0px #F0F0F0 solid; padding:0px 4px 0px 4px; white-space: nowrap; background-image: url(tbl_bck00.png)\" class=\"hierarchy\"><img src=\"tbl_spacer.png\" alt=\".\" style=\"background-color: inherit\" class=\"hierarchy\"/><img src=\"tbl_vjoin_end.png\" alt=\".\" style=\"background-color: inherit\" class=\"hierarchy\"/><img src=\"icon_element.gif\" alt=\".\" style=\"background-color: white; background-color: inherit\" title=\"Element\" class=\"hierarchy\"/> <span style=\"text-decoration:line-through\">value[x]</span><a name=\"Extension.value_x_\"> </a></td><td style=\"vertical-align: top; text-align : left; background-color: white; border: 0px #F0F0F0 solid; padding:0px 4px 0px 4px\" class=\"hierarchy\"/><td style=\"vertical-align: top; text-align : left; background-color: white; border: 0px #F0F0F0 solid; padding:0px 4px 0px 4px\" class=\"hierarchy\"><span style=\"text-decoration:line-through\"/><span style=\"text-decoration:line-through\">0</span><span style=\"text-decoration:line-through\">..</span><span style=\"text-decoration:line-through\">0</span></td><td style=\"vertical-align: top; text-align : left; background-color: white; border: 0px #F0F0F0 solid; padding:0px 4px 0px 4px\" class=\"hierarchy\"/><td style=\"vertical-align: top; text-align : left; background-color: white; border: 0px #F0F0F0 solid; padding:0px 4px 0px 4px\" class=\"hierarchy\"/></tr>\r\n<tr><td colspan=\"5\" class=\"hierarchy\"><br/><a href=\"http://hl7.org/fhir/R4/formats.html#table\" title=\"Legend for this format\"><img src=\"http://hl7.org/fhir/R4/help16.png\" alt=\"doco\" style=\"background-color: inherit\"/> Documentation for this format</a></td></tr></table></div>"
  },
  "url": "https://fhir-vaccination-pass.github.io/fhir-implementation-guide/StructureDefinition/vp-vaccination-dose-extension",
  "version": "0.1.0",
  "name": "VPVaccinationDoseExtension",
  "title": "VaccinationDoseExtension",
  "status": "active",
  "date": "2022-08-11T05:51:10+00:00",
  "publisher": "Example Publisher",
  "contact": [
    {
      "name": "Example Publisher",
      "telecom": [
        {
          "system": "url",
          "value": "http://example.org/example-publisher"
        }
      ]
    }
  ],
  "fhirVersion": "4.0.1",
  "mapping": [
    {
      "identity": "rim",
      "uri": "http://hl7.org/v3",
      "name": "RIM Mapping"
    }
  ],
  "kind": "complex-type",
  "abstract": false,
  "context": [
    {
      "type": "element",
      "expression": "Element"
    }
  ],
  "type": "Extension",
  "baseDefinition": "http://hl7.org/fhir/StructureDefinition/Extension",
  "derivation": "constraint",
  "snapshot": {
    "element": [
      {
        "id": "Extension",
        "path": "Extension",
        "short": "VaccinationDoseExtension",
        "definition": "An Extension",
        "min": 0,
        "max": "*",
        "base": {
          "path": "Extension",
          "min": 0,
          "max": "*"
        },
        "condition": [
          "ele-1"
        ],
        "constraint": [
          {
            "key": "ele-1",
            "severity": "error",
            "human": "All FHIR elements must have a @value or children",
            "expression": "hasValue() or (children().count() > id.count())",
            "xpath": "@value|f:*|h:div",
            "source": "http://hl7.org/fhir/StructureDefinition/Element"
          },
          {
            "key": "ext-1",
            "severity": "error",
            "human": "Must have either extensions or value[x], not both",
            "expression": "extension.exists() != value.exists()",
            "xpath": "exists(f:extension)!=exists(f:*[starts-with(local-name(.), 'value')])",
            "source": "http://hl7.org/fhir/StructureDefinition/Extension"
          },
          {
            "key": "vp-vaccination-dose-extension-only-one-kind-invariant",
            "severity": "error",
            "human": "A vaccination dose can either be a single dose or a repeating dose.",
            "expression": "extension('singleDose').exists() != extension('repeatingDose').exists()",
            "source": "https://fhir-vaccination-pass.github.io/fhir-implementation-guide/StructureDefinition/vp-vaccination-dose-extension"
          }
        ],
        "isModifier": false
      },
      {
        "id": "Extension.id",
        "path": "Extension.id",
        "representation": [
          "xmlAttr"
        ],
        "short": "Unique id for inter-element referencing",
        "definition": "Unique id for the element within a resource (for internal references). This may be any string value that does not contain spaces.",
        "min": 0,
        "max": "1",
        "base": {
          "path": "Element.id",
          "min": 0,
          "max": "1"
        },
        "type": [
          {
            "extension": [
              {
                "url": "http://hl7.org/fhir/StructureDefinition/structuredefinition-fhir-type",
                "valueUrl": "string"
              }
            ],
            "code": "http://hl7.org/fhirpath/System.String"
          }
        ],
        "isModifier": false,
        "isSummary": false,
        "mapping": [
          {
            "identity": "rim",
            "map": "n/a"
          }
        ]
      },
      {
        "id": "Extension.extension",
        "path": "Extension.extension",
        "slicing": {
          "discriminator": [
            {
              "type": "value",
              "path": "url"
            }
          ],
          "description": "Extensions are always sliced by (at least) url",
          "rules": "open"
        },
        "short": "Additional content defined by implementations",
        "definition": "May be used to represent additional information that is not part of the basic definition of the element. To make the use of extensions safe and manageable, there is a strict set of governance  applied to the definition and use of extensions. Though any implementer can define an extension, there is a set of requirements that SHALL be met as part of the definition of the extension.",
        "comment": "There can be no stigma associated with the use of extensions by any application, project, or standard - regardless of the institution or jurisdiction that uses or defines the extensions.  The use of extensions is what allows the FHIR specification to retain a core level of simplicity for everyone.",
        "alias": [
          "extensions",
          "user content"
        ],
        "min": 0,
        "max": "*",
        "base": {
          "path": "Element.extension",
          "min": 0,
          "max": "*"
        },
        "type": [
          {
            "code": "Extension"
          }
        ],
        "constraint": [
          {
            "key": "ele-1",
            "severity": "error",
            "human": "All FHIR elements must have a @value or children",
            "expression": "hasValue() or (children().count() > id.count())",
            "xpath": "@value|f:*|h:div",
            "source": "http://hl7.org/fhir/StructureDefinition/Element"
          },
          {
            "key": "ext-1",
            "severity": "error",
            "human": "Must have either extensions or value[x], not both",
            "expression": "extension.exists() != value.exists()",
            "xpath": "exists(f:extension)!=exists(f:*[starts-with(local-name(.), \"value\")])",
            "source": "http://hl7.org/fhir/StructureDefinition/Extension"
          }
        ],
        "isModifier": false,
        "isSummary": false,
        "mapping": [
          {
            "identity": "rim",
            "map": "n/a"
          }
        ]
      },
      {
        "id": "Extension.extension:singleDose",
        "path": "Extension.extension",
        "sliceName": "singleDose",
        "short": "VaccinationDoseSingleExtension",
        "definition": "An Extension",
        "min": 0,
        "max": "1",
        "base": {
          "path": "Element.extension",
          "min": 0,
          "max": "*"
        },
        "type": [
          {
            "code": "Extension",
            "profile": [
              "https://fhir-vaccination-pass.github.io/fhir-implementation-guide/StructureDefinition/vp-vaccination-dose-single-extension"
            ]
          }
        ],
        "constraint": [
          {
            "key": "ele-1",
            "severity": "error",
            "human": "All FHIR elements must have a @value or children",
            "expression": "hasValue() or (children().count() > id.count())",
            "xpath": "@value|f:*|h:div",
            "source": "http://hl7.org/fhir/StructureDefinition/Element"
          },
          {
            "key": "ext-1",
            "severity": "error",
            "human": "Must have either extensions or value[x], not both",
            "expression": "extension.exists() != value.exists()",
            "xpath": "exists(f:extension)!=exists(f:*[starts-with(local-name(.), \"value\")])",
            "source": "http://hl7.org/fhir/StructureDefinition/Extension"
          }
        ],
        "mustSupport": true,
        "isModifier": false,
        "isSummary": false
      },
      {
        "id": "Extension.extension:repeatingDose",
        "path": "Extension.extension",
        "sliceName": "repeatingDose",
        "short": "VaccinationDoseRepeatingExtension",
        "definition": "An Extension",
        "min": 0,
        "max": "1",
        "base": {
          "path": "Element.extension",
          "min": 0,
          "max": "*"
        },
        "type": [
          {
            "code": "Extension",
            "profile": [
              "https://fhir-vaccination-pass.github.io/fhir-implementation-guide/StructureDefinition/vp-vaccination-dose-repeating-extension"
            ]
          }
        ],
        "constraint": [
          {
            "key": "ele-1",
            "severity": "error",
            "human": "All FHIR elements must have a @value or children",
            "expression": "hasValue() or (children().count() > id.count())",
            "xpath": "@value|f:*|h:div",
            "source": "http://hl7.org/fhir/StructureDefinition/Element"
          },
          {
            "key": "ext-1",
            "severity": "error",
            "human": "Must have either extensions or value[x], not both",
            "expression": "extension.exists() != value.exists()",
            "xpath": "exists(f:extension)!=exists(f:*[starts-with(local-name(.), \"value\")])",
            "source": "http://hl7.org/fhir/StructureDefinition/Extension"
          }
        ],
        "mustSupport": true,
        "isModifier": false,
        "isSummary": false
      },
      {
        "id": "Extension.url",
        "path": "Extension.url",
        "representation": [
          "xmlAttr"
        ],
        "short": "identifies the meaning of the extension",
        "definition": "Source of the definition for the extension code - a logical name or a URL.",
        "comment": "The definition may point directly to a computable or human-readable definition of the extensibility codes, or it may be a logical URI as declared in some other specification. The definition SHALL be a URI for the Structure Definition defining the extension.",
        "min": 1,
        "max": "1",
        "base": {
          "path": "Extension.url",
          "min": 1,
          "max": "1"
        },
        "type": [
          {
            "extension": [
              {
                "url": "http://hl7.org/fhir/StructureDefinition/structuredefinition-fhir-type",
                "valueUrl": "uri"
              }
            ],
            "code": "http://hl7.org/fhirpath/System.String"
          }
        ],
        "fixedUri": "https://fhir-vaccination-pass.github.io/fhir-implementation-guide/StructureDefinition/vp-vaccination-dose-extension",
        "isModifier": false,
        "isSummary": false,
        "mapping": [
          {
            "identity": "rim",
            "map": "N/A"
          }
        ]
      },
      {
        "id": "Extension.value[x]",
        "path": "Extension.value[x]",
        "short": "Value of extension",
        "definition": "Value of extension - must be one of a constrained set of the data types (see [Extensibility](http://hl7.org/fhir/R4/extensibility.html) for a list).",
        "min": 0,
        "max": "0",
        "base": {
          "path": "Extension.value[x]",
          "min": 0,
          "max": "1"
        },
        "type": [
          {
            "code": "base64Binary"
          },
          {
            "code": "boolean"
          },
          {
            "code": "canonical"
          },
          {
            "code": "code"
          },
          {
            "code": "date"
          },
          {
            "code": "dateTime"
          },
          {
            "code": "decimal"
          },
          {
            "code": "id"
          },
          {
            "code": "instant"
          },
          {
            "code": "integer"
          },
          {
            "code": "markdown"
          },
          {
            "code": "oid"
          },
          {
            "code": "positiveInt"
          },
          {
            "code": "string"
          },
          {
            "code": "time"
          },
          {
            "code": "unsignedInt"
          },
          {
            "code": "uri"
          },
          {
            "code": "url"
          },
          {
            "code": "uuid"
          },
          {
            "code": "Address"
          },
          {
            "code": "Age"
          },
          {
            "code": "Annotation"
          },
          {
            "code": "Attachment"
          },
          {
            "code": "CodeableConcept"
          },
          {
            "code": "Coding"
          },
          {
            "code": "ContactPoint"
          },
          {
            "code": "Count"
          },
          {
            "code": "Distance"
          },
          {
            "code": "Duration"
          },
          {
            "code": "HumanName"
          },
          {
            "code": "Identifier"
          },
          {
            "code": "Money"
          },
          {
            "code": "Period"
          },
          {
            "code": "Quantity"
          },
          {
            "code": "Range"
          },
          {
            "code": "Ratio"
          },
          {
            "code": "Reference"
          },
          {
            "code": "SampledData"
          },
          {
            "code": "Signature"
          },
          {
            "code": "Timing"
          },
          {
            "code": "ContactDetail"
          },
          {
            "code": "Contributor"
          },
          {
            "code": "DataRequirement"
          },
          {
            "code": "Expression"
          },
          {
            "code": "ParameterDefinition"
          },
          {
            "code": "RelatedArtifact"
          },
          {
            "code": "TriggerDefinition"
          },
          {
            "code": "UsageContext"
          },
          {
            "code": "Dosage"
          },
          {
            "code": "Meta"
          }
        ],
        "constraint": [
          {
            "key": "ele-1",
            "severity": "error",
            "human": "All FHIR elements must have a @value or children",
            "expression": "hasValue() or (children().count() > id.count())",
            "xpath": "@value|f:*|h:div",
            "source": "http://hl7.org/fhir/StructureDefinition/Element"
          }
        ],
        "isModifier": false,
        "isSummary": false,
        "mapping": [
          {
            "identity": "rim",
            "map": "N/A"
          }
        ]
      }
    ]
  },
  "differential": {
    "element": [
      {
        "id": "Extension",
        "path": "Extension",
        "short": "VaccinationDoseExtension",
        "constraint": [
          {
            "key": "vp-vaccination-dose-extension-only-one-kind-invariant",
            "severity": "error",
            "human": "A vaccination dose can either be a single dose or a repeating dose.",
            "expression": "extension('singleDose').exists() != extension('repeatingDose').exists()",
            "source": "https://fhir-vaccination-pass.github.io/fhir-implementation-guide/StructureDefinition/vp-vaccination-dose-extension"
          }
        ]
      },
      {
        "id": "Extension.extension:singleDose",
        "path": "Extension.extension",
        "sliceName": "singleDose",
        "min": 0,
        "max": "1",
        "type": [
          {
            "code": "Extension",
            "profile": [
              "https://fhir-vaccination-pass.github.io/fhir-implementation-guide/StructureDefinition/vp-vaccination-dose-single-extension"
            ]
          }
        ],
        "mustSupport": true
      },
      {
        "id": "Extension.extension:repeatingDose",
        "path": "Extension.extension",
        "sliceName": "repeatingDose",
        "min": 0,
        "max": "1",
        "type": [
          {
            "code": "Extension",
            "profile": [
              "https://fhir-vaccination-pass.github.io/fhir-implementation-guide/StructureDefinition/vp-vaccination-dose-repeating-extension"
            ]
          }
        ],
        "mustSupport": true
      },
      {
        "id": "Extension.url",
        "path": "Extension.url",
        "fixedUri": "https://fhir-vaccination-pass.github.io/fhir-implementation-guide/StructureDefinition/vp-vaccination-dose-extension"
      },
      {
        "id": "Extension.value[x]",
        "path": "Extension.value[x]",
        "max": "0"
      }
    ]
  }
}